,,weights,values,capacity,distribution
0,0,16,40,3671,exponential
0,1,51,38,3671,exponential
0,2,43,24,3671,exponential
0,3,45,22,3671,exponential
0,4,25,76,3671,exponential
0,5,9,14,3671,exponential
0,6,2,14,3671,exponential
0,7,22,39,3671,exponential
0,8,49,5,3671,exponential
0,9,25,33,3671,exponential
0,10,19,24,3671,exponential
0,11,19,60,3671,exponential
0,12,5,28,3671,exponential
0,13,2,2,3671,exponential
0,14,56,9,3671,exponential
0,15,22,167,3671,exponential
0,16,0,44,3671,exponential
0,17,9,5,3671,exponential
0,18,31,1,3671,exponential
0,19,12,8,3671,exponential
0,20,11,22,3671,exponential
0,21,70,37,3671,exponential
0,22,33,12,3671,exponential
0,23,52,28,3671,exponential
0,24,5,58,3671,exponential
0,25,31,4,3671,exponential
0,26,22,34,3671,exponential
0,27,2,27,3671,exponential
0,28,47,6,3671,exponential
0,29,28,35,3671,exponential
0,30,28,59,3671,exponential
0,31,35,52,3671,exponential
0,32,39,31,3671,exponential
0,33,31,17,3671,exponential
0,34,19,29,3671,exponential
0,35,51,61,3671,exponential
0,36,3,3,3671,exponential
0,37,4,43,3671,exponential
0,38,47,28,3671,exponential
0,39,0,19,3671,exponential
0,40,108,17,3671,exponential
0,41,1,67,3671,exponential
0,42,102,19,3671,exponential
0,43,59,58,3671,exponential
0,44,1,104,3671,exponential
0,45,14,6,3671,exponential
0,46,33,24,3671,exponential
0,47,2,26,3671,exponential
0,48,55,45,3671,exponential
0,49,41,3,3671,exponential
0,50,25,2,3671,exponential
0,51,7,38,3671,exponential
0,52,28,6,3671,exponential
0,53,13,38,3671,exponential
0,54,81,0,3671,exponential
0,55,34,58,3671,exponential
0,56,28,48,3671,exponential
0,57,47,5,3671,exponential
0,58,42,40,3671,exponential
0,59,72,36,3671,exponential
0,60,156,42,3671,exponential
0,61,8,4,3671,exponential
0,62,83,14,3671,exponential
0,63,3,153,3671,exponential
0,64,32,46,3671,exponential
0,65,41,2,3671,exponential
0,66,13,91,3671,exponential
0,67,11,31,3671,exponential
0,68,33,27,3671,exponential
0,69,34,50,3671,exponential
0,70,33,4,3671,exponential
0,71,9,70,3671,exponential
0,72,36,15,3671,exponential
0,73,16,32,3671,exponential
0,74,57,26,3671,exponential
0,75,18,121,3671,exponential
0,76,5,6,3671,exponential
0,77,5,45,3671,exponential
0,78,0,30,3671,exponential
0,79,7,40,3671,exponential
0,80,6,21,3671,exponential
0,81,14,23,3671,exponential
0,82,53,11,3671,exponential
0,83,25,37,3671,exponential
0,84,62,71,3671,exponential
0,85,44,24,3671,exponential
0,86,5,19,3671,exponential
0,87,29,28,3671,exponential
0,88,20,58,3671,exponential
0,89,12,5,3671,exponential
0,90,1,0,3671,exponential
0,91,35,67,3671,exponential
0,92,3,15,3671,exponential
0,93,93,48,3671,exponential
0,94,48,160,3671,exponential
0,95,39,12,3671,exponential
0,96,4,25,3671,exponential
0,97,47,42,3671,exponential
0,98,9,73,3671,exponential
0,99,13,1,3671,exponential
1,0,4,46,4503,uniform
1,1,41,89,4503,uniform
1,2,54,69,4503,uniform
1,3,75,43,4503,uniform
1,4,31,12,4503,uniform
1,5,21,40,4503,uniform
1,6,41,29,4503,uniform
1,7,53,27,4503,uniform
1,8,39,29,4503,uniform
1,9,12,94,4503,uniform
1,10,33,34,4503,uniform
1,11,11,25,4503,uniform
1,12,45,9,4503,uniform
1,13,75,48,4503,uniform
1,14,87,47,4503,uniform
1,15,49,35,4503,uniform
1,16,73,44,4503,uniform
1,17,79,12,4503,uniform
1,18,28,13,4503,uniform
1,19,53,53,4503,uniform
1,20,10,68,4503,uniform
1,21,57,8,4503,uniform
1,22,68,9,4503,uniform
1,23,8,23,4503,uniform
1,24,41,28,4503,uniform
1,25,71,90,4503,uniform
1,26,41,73,4503,uniform
1,27,56,82,4503,uniform
1,28,27,75,4503,uniform
1,29,99,31,4503,uniform
1,30,17,91,4503,uniform
1,31,46,1,4503,uniform
1,32,45,53,4503,uniform
1,33,36,17,4503,uniform
1,34,60,62,4503,uniform
1,35,42,55,4503,uniform
1,36,96,37,4503,uniform
1,37,13,95,4503,uniform
1,38,89,53,4503,uniform
1,39,88,38,4503,uniform
1,40,95,11,4503,uniform
1,41,84,36,4503,uniform
1,42,4,63,4503,uniform
1,43,99,86,4503,uniform
1,44,77,24,4503,uniform
1,45,40,81,4503,uniform
1,46,11,23,4503,uniform
1,47,3,18,4503,uniform
1,48,43,59,4503,uniform
1,49,8,38,4503,uniform
1,50,85,3,4503,uniform
1,51,31,63,4503,uniform
1,52,25,95,4503,uniform
1,53,98,70,4503,uniform
1,54,70,90,4503,uniform
1,55,86,9,4503,uniform
1,56,75,51,4503,uniform
1,57,56,8,4503,uniform
1,58,4,19,4503,uniform
1,59,19,80,4503,uniform
1,60,56,21,4503,uniform
1,61,39,71,4503,uniform
1,62,62,69,4503,uniform
1,63,68,89,4503,uniform
1,64,2,73,4503,uniform
1,65,22,76,4503,uniform
1,66,32,23,4503,uniform
1,67,67,89,4503,uniform
1,68,12,79,4503,uniform
1,69,76,16,4503,uniform
1,70,82,80,4503,uniform
1,71,84,24,4503,uniform
1,72,65,57,4503,uniform
1,73,95,16,4503,uniform
1,74,99,33,4503,uniform
1,75,43,49,4503,uniform
1,76,70,75,4503,uniform
1,77,46,17,4503,uniform
1,78,12,62,4503,uniform
1,79,39,5,4503,uniform
1,80,20,2,4503,uniform
1,81,75,76,4503,uniform
1,82,76,81,4503,uniform
1,83,93,64,4503,uniform
1,84,53,99,4503,uniform
1,85,12,85,4503,uniform
1,86,2,96,4503,uniform
1,87,38,75,4503,uniform
1,88,14,3,4503,uniform
1,89,44,13,4503,uniform
1,90,69,84,4503,uniform
1,91,43,80,4503,uniform
1,92,52,63,4503,uniform
1,93,37,40,4503,uniform
1,94,60,53,4503,uniform
1,95,80,58,4503,uniform
1,96,75,41,4503,uniform
1,97,95,29,4503,uniform
1,98,62,30,4503,uniform
1,99,20,52,4503,uniform
2,0,52,23,2981,uniform
2,1,37,73,2981,uniform
2,2,12,89,2981,uniform
2,3,16,23,2981,uniform
2,4,92,74,2981,uniform
2,5,98,88,2981,uniform
2,6,55,22,2981,uniform
2,7,81,37,2981,uniform
2,8,56,95,2981,uniform
2,9,20,39,2981,uniform
2,10,39,61,2981,uniform
2,11,20,92,2981,uniform
2,12,29,98,2981,uniform
2,13,72,92,2981,uniform
2,14,72,5,2981,uniform
2,15,51,4,2981,uniform
2,16,28,66,2981,uniform
2,17,28,11,2981,uniform
2,18,25,42,2981,uniform
2,19,43,96,2981,uniform
2,20,48,94,2981,uniform
2,21,72,67,2981,uniform
2,22,41,85,2981,uniform
2,23,48,30,2981,uniform
2,24,5,75,2981,uniform
2,25,17,56,2981,uniform
2,26,34,15,2981,uniform
2,27,13,24,2981,uniform
2,28,90,96,2981,uniform
2,29,43,43,2981,uniform
2,30,71,27,2981,uniform
2,31,78,59,2981,uniform
2,32,40,62,2981,uniform
2,33,32,50,2981,uniform
2,34,60,67,2981,uniform
2,35,15,50,2981,uniform
2,36,61,76,2981,uniform
2,37,54,84,2981,uniform
2,38,19,6,2981,uniform
2,39,8,72,2981,uniform
2,40,38,87,2981,uniform
2,41,29,88,2981,uniform
2,42,60,9,2981,uniform
2,43,20,81,2981,uniform
2,44,64,67,2981,uniform
2,45,40,82,2981,uniform
2,46,62,2,2981,uniform
2,47,64,58,2981,uniform
2,48,1,95,2981,uniform
2,49,66,64,2981,uniform
2,50,50,84,2981,uniform
2,51,75,47,2981,uniform
2,52,81,2,2981,uniform
2,53,64,71,2981,uniform
2,54,96,82,2981,uniform
2,55,39,93,2981,uniform
2,56,41,46,2981,uniform
2,57,93,49,2981,uniform
2,58,34,33,2981,uniform
2,59,34,79,2981,uniform
2,60,52,44,2981,uniform
2,61,11,69,2981,uniform
2,62,78,61,2981,uniform
2,63,89,72,2981,uniform
2,64,91,75,2981,uniform
2,65,8,55,2981,uniform
2,66,52,16,2981,uniform
2,67,40,92,2981,uniform
2,68,95,9,2981,uniform
2,69,37,16,2981,uniform
2,70,85,19,2981,uniform
2,71,72,33,2981,uniform
2,72,6,43,2981,uniform
2,73,59,12,2981,uniform
2,74,41,84,2981,uniform
2,75,56,40,2981,uniform
2,76,27,50,2981,uniform
2,77,29,4,2981,uniform
2,78,46,62,2981,uniform
2,79,15,98,2981,uniform
2,80,98,81,2981,uniform
2,81,88,91,2981,uniform
2,82,9,67,2981,uniform
2,83,58,32,2981,uniform
2,84,87,93,2981,uniform
2,85,71,46,2981,uniform
2,86,44,9,2981,uniform
2,87,47,60,2981,uniform
2,88,64,77,2981,uniform
2,89,25,60,2981,uniform
2,90,28,79,2981,uniform
2,91,42,34,2981,uniform
2,92,76,21,2981,uniform
2,93,42,60,2981,uniform
2,94,66,31,2981,uniform
2,95,30,27,2981,uniform
2,96,60,99,2981,uniform
2,97,77,60,2981,uniform
2,98,6,62,2981,uniform
2,99,80,41,2981,uniform
3,0,17,22,3308,exponential
3,1,1,24,3308,exponential
3,2,40,47,3308,exponential
3,3,9,53,3308,exponential
3,4,20,38,3308,exponential
3,5,63,9,3308,exponential
3,6,24,7,3308,exponential
3,7,11,20,3308,exponential
3,8,9,1,3308,exponential
3,9,75,10,3308,exponential
3,10,6,0,3308,exponential
3,11,46,32,3308,exponential
3,12,16,3,3308,exponential
3,13,29,1,3308,exponential
3,14,21,22,3308,exponential
3,15,20,30,3308,exponential
3,16,7,11,3308,exponential
3,17,25,8,3308,exponential
3,18,23,52,3308,exponential
3,19,6,81,3308,exponential
3,20,3,71,3308,exponential
3,21,60,30,3308,exponential
3,22,24,17,3308,exponential
3,23,11,2,3308,exponential
3,24,57,39,3308,exponential
3,25,106,85,3308,exponential
3,26,48,9,3308,exponential
3,27,28,34,3308,exponential
3,28,9,63,3308,exponential
3,29,13,132,3308,exponential
3,30,44,32,3308,exponential
3,31,22,51,3308,exponential
3,32,2,9,3308,exponential
3,33,18,11,3308,exponential
3,34,88,3,3308,exponential
3,35,28,22,3308,exponential
3,36,23,44,3308,exponential
3,37,72,38,3308,exponential
3,38,47,50,3308,exponential
3,39,65,69,3308,exponential
3,40,59,32,3308,exponential
3,41,30,14,3308,exponential
3,42,54,24,3308,exponential
3,43,0,34,3308,exponential
3,44,7,43,3308,exponential
3,45,4,18,3308,exponential
3,46,29,16,3308,exponential
3,47,119,19,3308,exponential
3,48,74,124,3308,exponential
3,49,25,11,3308,exponential
3,50,6,42,3308,exponential
3,51,16,16,3308,exponential
3,52,46,26,3308,exponential
3,53,4,52,3308,exponential
3,54,4,13,3308,exponential
3,55,13,86,3308,exponential
3,56,97,92,3308,exponential
3,57,13,26,3308,exponential
3,58,30,14,3308,exponential
3,59,55,85,3308,exponential
3,60,9,17,3308,exponential
3,61,13,47,3308,exponential
3,62,43,39,3308,exponential
3,63,63,84,3308,exponential
3,64,2,6,3308,exponential
3,65,2,7,3308,exponential
3,66,22,71,3308,exponential
3,67,15,10,3308,exponential
3,68,50,32,3308,exponential
3,69,39,3,3308,exponential
3,70,37,1,3308,exponential
3,71,24,52,3308,exponential
3,72,91,1,3308,exponential
3,73,77,10,3308,exponential
3,74,0,75,3308,exponential
3,75,19,50,3308,exponential
3,76,27,34,3308,exponential
3,77,31,15,3308,exponential
3,78,63,34,3308,exponential
3,79,68,76,3308,exponential
3,80,2,29,3308,exponential
3,81,43,12,3308,exponential
3,82,2,29,3308,exponential
3,83,28,32,3308,exponential
3,84,53,2,3308,exponential
3,85,18,31,3308,exponential
3,86,24,7,3308,exponential
3,87,69,36,3308,exponential
3,88,27,24,3308,exponential
3,89,64,17,3308,exponential
3,90,26,6,3308,exponential
3,91,17,16,3308,exponential
3,92,52,14,3308,exponential
3,93,1,4,3308,exponential
3,94,38,83,3308,exponential
3,95,3,43,3308,exponential
3,96,29,6,3308,exponential
3,97,27,10,3308,exponential
3,98,77,66,3308,exponential
3,99,4,28,3308,exponential
4,0,80,59,2748,normal
4,1,14,31,2748,normal
4,2,38,59,2748,normal
4,3,40,45,2748,normal
4,4,67,69,2748,normal
4,5,26,72,2748,normal
4,6,46,60,2748,normal
4,7,31,83,2748,normal
4,8,35,57,2748,normal
4,9,60,9,2748,normal
4,10,56,39,2748,normal
4,11,38,44,2748,normal
4,12,81,76,2748,normal
4,13,72,62,2748,normal
4,14,61,28,2748,normal
4,15,63,45,2748,normal
4,16,43,42,2748,normal
4,17,58,47,2748,normal
4,18,64,49,2748,normal
4,19,63,37,2748,normal
4,20,31,60,2748,normal
4,21,65,50,2748,normal
4,22,36,34,2748,normal
4,23,42,50,2748,normal
4,24,32,45,2748,normal
4,25,74,48,2748,normal
4,26,47,37,2748,normal
4,27,38,41,2748,normal
4,28,48,68,2748,normal
4,29,54,17,2748,normal
4,30,56,39,2748,normal
4,31,33,58,2748,normal
4,32,21,51,2748,normal
4,33,61,29,2748,normal
4,34,36,48,2748,normal
4,35,41,41,2748,normal
4,36,44,47,2748,normal
4,37,30,9,2748,normal
4,38,35,43,2748,normal
4,39,67,28,2748,normal
4,40,43,25,2748,normal
4,41,72,56,2748,normal
4,42,50,44,2748,normal
4,43,40,50,2748,normal
4,44,49,19,2748,normal
4,45,78,57,2748,normal
4,46,38,39,2748,normal
4,47,32,55,2748,normal
4,48,47,20,2748,normal
4,49,65,52,2748,normal
4,50,46,39,2748,normal
4,51,57,47,2748,normal
4,52,70,35,2748,normal
4,53,37,52,2748,normal
4,54,46,47,2748,normal
4,55,56,47,2748,normal
4,56,64,84,2748,normal
4,57,53,51,2748,normal
4,58,70,50,2748,normal
4,59,38,42,2748,normal
4,60,47,76,2748,normal
4,61,67,79,2748,normal
4,62,46,56,2748,normal
4,63,49,70,2748,normal
4,64,56,55,2748,normal
4,65,52,69,2748,normal
4,66,21,57,2748,normal
4,67,47,49,2748,normal
4,68,47,33,2748,normal
4,69,54,40,2748,normal
4,70,65,54,2748,normal
4,71,36,43,2748,normal
4,72,38,47,2748,normal
4,73,77,39,2748,normal
4,74,59,68,2748,normal
4,75,62,67,2748,normal
4,76,14,37,2748,normal
4,77,44,33,2748,normal
4,78,28,47,2748,normal
4,79,44,66,2748,normal
4,80,66,42,2748,normal
4,81,40,47,2748,normal
4,82,43,45,2748,normal
4,83,65,48,2748,normal
4,84,63,68,2748,normal
4,85,38,72,2748,normal
4,86,68,58,2748,normal
4,87,57,25,2748,normal
4,88,85,42,2748,normal
4,89,49,56,2748,normal
4,90,37,63,2748,normal
4,91,63,29,2748,normal
4,92,40,41,2748,normal
4,93,40,89,2748,normal
4,94,44,39,2748,normal
4,95,28,68,2748,normal
4,96,75,47,2748,normal
4,97,34,58,2748,normal
4,98,50,40,2748,normal
4,99,41,81,2748,normal
5,0,72,8,3946,uniform
5,1,15,55,3946,uniform
5,2,64,58,3946,uniform
5,3,99,6,3946,uniform
5,4,21,13,3946,uniform
5,5,3,16,3946,uniform
5,6,19,24,3946,uniform
5,7,92,63,3946,uniform
5,8,53,15,3946,uniform
5,9,9,59,3946,uniform
5,10,40,92,3946,uniform
5,11,61,47,3946,uniform
5,12,11,13,3946,uniform
5,13,47,18,3946,uniform
5,14,70,87,3946,uniform
5,15,84,27,3946,uniform
5,16,23,85,3946,uniform
5,17,90,9,3946,uniform
5,18,74,6,3946,uniform
5,19,89,6,3946,uniform
5,20,69,40,3946,uniform
5,21,77,37,3946,uniform
5,22,60,67,3946,uniform
5,23,92,71,3946,uniform
5,24,7,8,3946,uniform
5,25,76,10,3946,uniform
5,26,63,77,3946,uniform
5,27,80,93,3946,uniform
5,28,38,91,3946,uniform
5,29,40,9,3946,uniform
5,30,85,86,3946,uniform
5,31,64,54,3946,uniform
5,32,42,75,3946,uniform
5,33,3,89,3946,uniform
5,34,5,73,3946,uniform
5,35,72,57,3946,uniform
5,36,58,84,3946,uniform
5,37,83,50,3946,uniform
5,38,40,83,3946,uniform
5,39,98,42,3946,uniform
5,40,54,67,3946,uniform
5,41,64,7,3946,uniform
5,42,79,60,3946,uniform
5,43,53,1,3946,uniform
5,44,75,73,3946,uniform
5,45,72,62,3946,uniform
5,46,20,3,3946,uniform
5,47,51,50,3946,uniform
5,48,55,23,3946,uniform
5,49,19,15,3946,uniform
5,50,70,13,3946,uniform
5,51,95,10,3946,uniform
5,52,93,23,3946,uniform
5,53,97,16,3946,uniform
5,54,69,78,3946,uniform
5,55,18,48,3946,uniform
5,56,11,95,3946,uniform
5,57,59,85,3946,uniform
5,58,49,53,3946,uniform
5,59,55,52,3946,uniform
5,60,63,3,3946,uniform
5,61,30,51,3946,uniform
5,62,68,54,3946,uniform
5,63,33,18,3946,uniform
5,64,41,17,3946,uniform
5,65,3,38,3946,uniform
5,66,8,42,3946,uniform
5,67,44,1,3946,uniform
5,68,33,69,3946,uniform
5,69,32,67,3946,uniform
5,70,13,53,3946,uniform
5,71,87,11,3946,uniform
5,72,84,76,3946,uniform
5,73,83,7,3946,uniform
5,74,30,82,3946,uniform
5,75,63,36,3946,uniform
5,76,91,79,3946,uniform
5,77,40,20,3946,uniform
5,78,47,75,3946,uniform
5,79,25,41,3946,uniform
5,80,57,62,3946,uniform
5,81,17,29,3946,uniform
5,82,30,69,3946,uniform
5,83,44,91,3946,uniform
5,84,14,44,3946,uniform
5,85,52,5,3946,uniform
5,86,57,54,3946,uniform
5,87,3,29,3946,uniform
5,88,19,37,3946,uniform
5,89,92,60,3946,uniform
5,90,38,15,3946,uniform
5,91,40,47,3946,uniform
5,92,25,69,3946,uniform
5,93,15,31,3946,uniform
5,94,86,90,3946,uniform
5,95,37,75,3946,uniform
5,96,75,83,3946,uniform
5,97,55,77,3946,uniform
5,98,98,60,3946,uniform
5,99,17,93,3946,uniform
6,0,73,9,4738,uniform
6,1,97,40,4738,uniform
6,2,40,18,4738,uniform
6,3,74,63,4738,uniform
6,4,19,30,4738,uniform
6,5,54,45,4738,uniform
6,6,11,41,4738,uniform
6,7,38,80,4738,uniform
6,8,25,83,4738,uniform
6,9,41,12,4738,uniform
6,10,41,84,4738,uniform
6,11,57,41,4738,uniform
6,12,35,17,4738,uniform
6,13,94,56,4738,uniform
6,14,24,16,4738,uniform
6,15,60,24,4738,uniform
6,16,55,97,4738,uniform
6,17,53,85,4738,uniform
6,18,6,29,4738,uniform
6,19,49,47,4738,uniform
6,20,87,28,4738,uniform
6,21,90,86,4738,uniform
6,22,98,46,4738,uniform
6,23,69,8,4738,uniform
6,24,23,52,4738,uniform
6,25,39,20,4738,uniform
6,26,16,42,4738,uniform
6,27,66,67,4738,uniform
6,28,40,98,4738,uniform
6,29,84,16,4738,uniform
6,30,8,98,4738,uniform
6,31,82,88,4738,uniform
6,32,52,55,4738,uniform
6,33,44,42,4738,uniform
6,34,32,58,4738,uniform
6,35,20,66,4738,uniform
6,36,54,64,4738,uniform
6,37,87,50,4738,uniform
6,38,28,54,4738,uniform
6,39,26,52,4738,uniform
6,40,74,4,4738,uniform
6,41,73,32,4738,uniform
6,42,94,70,4738,uniform
6,43,47,97,4738,uniform
6,44,45,67,4738,uniform
6,45,79,82,4738,uniform
6,46,79,47,4738,uniform
6,47,27,85,4738,uniform
6,48,35,64,4738,uniform
6,49,24,45,4738,uniform
6,50,77,28,4738,uniform
6,51,84,42,4738,uniform
6,52,86,26,4738,uniform
6,53,38,96,4738,uniform
6,54,1,68,4738,uniform
6,55,97,48,4738,uniform
6,56,55,65,4738,uniform
6,57,41,66,4738,uniform
6,58,84,89,4738,uniform
6,59,28,15,4738,uniform
6,60,51,47,4738,uniform
6,61,27,59,4738,uniform
6,62,78,66,4738,uniform
6,63,34,54,4738,uniform
6,64,77,37,4738,uniform
6,65,27,73,4738,uniform
6,66,68,33,4738,uniform
6,67,13,10,4738,uniform
6,68,40,56,4738,uniform
6,69,27,26,4738,uniform
6,70,56,93,4738,uniform
6,71,23,71,4738,uniform
6,72,71,74,4738,uniform
6,73,82,32,4738,uniform
6,74,52,98,4738,uniform
6,75,79,99,4738,uniform
6,76,37,67,4738,uniform
6,77,78,10,4738,uniform
6,78,40,99,4738,uniform
6,79,97,24,4738,uniform
6,80,68,84,4738,uniform
6,81,21,41,4738,uniform
6,82,69,52,4738,uniform
6,83,19,29,4738,uniform
6,84,51,26,4738,uniform
6,85,6,19,4738,uniform
6,86,14,81,4738,uniform
6,87,59,55,4738,uniform
6,88,99,63,4738,uniform
6,89,58,64,4738,uniform
6,90,94,23,4738,uniform
6,91,24,21,4738,uniform
6,92,94,8,4738,uniform
6,93,2,27,4738,uniform
6,94,89,15,4738,uniform
6,95,47,20,4738,uniform
6,96,65,50,4738,uniform
6,97,25,1,4738,uniform
6,98,90,63,4738,uniform
6,99,2,54,4738,uniform
7,0,32,58,3674,exponential
7,1,28,41,3674,exponential
7,2,37,0,3674,exponential
7,3,96,30,3674,exponential
7,4,35,36,3674,exponential
7,5,54,80,3674,exponential
7,6,72,48,3674,exponential
7,7,61,82,3674,exponential
7,8,56,5,3674,exponential
7,9,49,91,3674,exponential
7,10,23,50,3674,exponential
7,11,58,31,3674,exponential
7,12,6,69,3674,exponential
7,13,113,16,3674,exponential
7,14,1,29,3674,exponential
7,15,19,86,3674,exponential
7,16,23,69,3674,exponential
7,17,1,17,3674,exponential
7,18,91,44,3674,exponential
7,19,63,11,3674,exponential
7,20,81,4,3674,exponential
7,21,43,38,3674,exponential
7,22,238,162,3674,exponential
7,23,6,9,3674,exponential
7,24,35,60,3674,exponential
7,25,39,21,3674,exponential
7,26,8,4,3674,exponential
7,27,19,35,3674,exponential
7,28,9,123,3674,exponential
7,29,1,26,3674,exponential
7,30,5,26,3674,exponential
7,31,4,15,3674,exponential
7,32,46,5,3674,exponential
7,33,16,17,3674,exponential
7,34,15,69,3674,exponential
7,35,14,0,3674,exponential
7,36,0,9,3674,exponential
7,37,12,14,3674,exponential
7,38,30,9,3674,exponential
7,39,35,34,3674,exponential
7,40,7,46,3674,exponential
7,41,11,63,3674,exponential
7,42,10,34,3674,exponential
7,43,9,18,3674,exponential
7,44,9,66,3674,exponential
7,45,33,27,3674,exponential
7,46,60,41,3674,exponential
7,47,14,22,3674,exponential
7,48,3,15,3674,exponential
7,49,11,17,3674,exponential
7,50,1,0,3674,exponential
7,51,52,36,3674,exponential
7,52,42,68,3674,exponential
7,53,21,5,3674,exponential
7,54,11,81,3674,exponential
7,55,34,28,3674,exponential
7,56,37,28,3674,exponential
7,57,11,21,3674,exponential
7,58,23,30,3674,exponential
7,59,40,41,3674,exponential
7,60,2,29,3674,exponential
7,61,21,20,3674,exponential
7,62,63,28,3674,exponential
7,63,21,9,3674,exponential
7,64,46,52,3674,exponential
7,65,46,20,3674,exponential
7,66,59,70,3674,exponential
7,67,24,41,3674,exponential
7,68,3,9,3674,exponential
7,69,2,105,3674,exponential
7,70,28,19,3674,exponential
7,71,39,38,3674,exponential
7,72,5,36,3674,exponential
7,73,22,94,3674,exponential
7,74,0,105,3674,exponential
7,75,11,51,3674,exponential
7,76,67,18,3674,exponential
7,77,7,3,3674,exponential
7,78,46,37,3674,exponential
7,79,9,1,3674,exponential
7,80,15,15,3674,exponential
7,81,25,1,3674,exponential
7,82,4,23,3674,exponential
7,83,18,28,3674,exponential
7,84,6,28,3674,exponential
7,85,55,10,3674,exponential
7,86,112,36,3674,exponential
7,87,35,48,3674,exponential
7,88,63,3,3674,exponential
7,89,40,9,3674,exponential
7,90,19,33,3674,exponential
7,91,12,9,3674,exponential
7,92,39,16,3674,exponential
7,93,74,12,3674,exponential
7,94,13,144,3674,exponential
7,95,84,0,3674,exponential
7,96,2,63,3674,exponential
7,97,76,2,3674,exponential
7,98,22,22,3674,exponential
7,99,2,2,3674,exponential
8,0,30,88,4836,uniform
8,1,81,13,4836,uniform
8,2,13,96,4836,uniform
8,3,59,69,4836,uniform
8,4,80,38,4836,uniform
8,5,34,54,4836,uniform
8,6,70,70,4836,uniform
8,7,56,87,4836,uniform
8,8,94,75,4836,uniform
8,9,62,96,4836,uniform
8,10,68,24,4836,uniform
8,11,62,61,4836,uniform
8,12,79,69,4836,uniform
8,13,93,10,4836,uniform
8,14,9,66,4836,uniform
8,15,29,50,4836,uniform
8,16,80,72,4836,uniform
8,17,18,80,4836,uniform
8,18,88,42,4836,uniform
8,19,4,14,4836,uniform
8,20,67,32,4836,uniform
8,21,51,32,4836,uniform
8,22,12,86,4836,uniform
8,23,40,81,4836,uniform
8,24,37,7,4836,uniform
8,25,71,19,4836,uniform
8,26,9,22,4836,uniform
8,27,9,60,4836,uniform
8,28,24,25,4836,uniform
8,29,66,89,4836,uniform
8,30,55,99,4836,uniform
8,31,77,85,4836,uniform
8,32,26,75,4836,uniform
8,33,77,61,4836,uniform
8,34,50,27,4836,uniform
8,35,91,17,4836,uniform
8,36,26,79,4836,uniform
8,37,8,94,4836,uniform
8,38,98,85,4836,uniform
8,39,86,88,4836,uniform
8,40,9,53,4836,uniform
8,41,92,18,4836,uniform
8,42,79,83,4836,uniform
8,43,47,24,4836,uniform
8,44,45,84,4836,uniform
8,45,71,23,4836,uniform
8,46,16,64,4836,uniform
8,47,73,7,4836,uniform
8,48,51,32,4836,uniform
8,49,13,89,4836,uniform
8,50,64,66,4836,uniform
8,51,35,2,4836,uniform
8,52,61,64,4836,uniform
8,53,38,41,4836,uniform
8,54,88,16,4836,uniform
8,55,51,11,4836,uniform
8,56,42,61,4836,uniform
8,57,64,38,4836,uniform
8,58,37,2,4836,uniform
8,59,83,96,4836,uniform
8,60,7,65,4836,uniform
8,61,49,6,4836,uniform
8,62,49,82,4836,uniform
8,63,50,76,4836,uniform
8,64,50,71,4836,uniform
8,65,41,74,4836,uniform
8,66,79,52,4836,uniform
8,67,54,2,4836,uniform
8,68,45,36,4836,uniform
8,69,72,84,4836,uniform
8,70,29,95,4836,uniform
8,71,96,57,4836,uniform
8,72,14,94,4836,uniform
8,73,84,12,4836,uniform
8,74,74,69,4836,uniform
8,75,96,99,4836,uniform
8,76,38,79,4836,uniform
8,77,33,68,4836,uniform
8,78,95,71,4836,uniform
8,79,90,81,4836,uniform
8,80,5,20,4836,uniform
8,81,39,25,4836,uniform
8,82,98,25,4836,uniform
8,83,22,35,4836,uniform
8,84,7,8,4836,uniform
8,85,60,56,4836,uniform
8,86,20,34,4836,uniform
8,87,2,67,4836,uniform
8,88,7,39,4836,uniform
8,89,63,42,4836,uniform
8,90,64,95,4836,uniform
8,91,34,34,4836,uniform
8,92,71,12,4836,uniform
8,93,24,46,4836,uniform
8,94,62,11,4836,uniform
8,95,11,25,4836,uniform
8,96,54,72,4836,uniform
8,97,20,39,4836,uniform
8,98,61,65,4836,uniform
8,99,19,50,4836,uniform
9,0,12,93,3919,uniform
9,1,65,64,3919,uniform
9,2,78,68,3919,uniform
9,3,69,35,3919,uniform
9,4,47,33,3919,uniform
9,5,60,59,3919,uniform
9,6,6,25,3919,uniform
9,7,18,81,3919,uniform
9,8,31,31,3919,uniform
9,9,41,31,3919,uniform
9,10,26,2,3919,uniform
9,11,97,53,3919,uniform
9,12,31,25,3919,uniform
9,13,50,88,3919,uniform
9,14,39,16,3919,uniform
9,15,34,72,3919,uniform
9,16,13,34,3919,uniform
9,17,61,19,3919,uniform
9,18,44,62,3919,uniform
9,19,21,93,3919,uniform
9,20,87,48,3919,uniform
9,21,27,21,3919,uniform
9,22,6,37,3919,uniform
9,23,44,31,3919,uniform
9,24,4,71,3919,uniform
9,25,98,34,3919,uniform
9,26,83,53,3919,uniform
9,27,88,13,3919,uniform
9,28,9,81,3919,uniform
9,29,77,66,3919,uniform
9,30,42,45,3919,uniform
9,31,5,29,3919,uniform
9,32,41,33,3919,uniform
9,33,97,21,3919,uniform
9,34,74,71,3919,uniform
9,35,18,4,3919,uniform
9,36,51,71,3919,uniform
9,37,90,94,3919,uniform
9,38,34,19,3919,uniform
9,39,11,5,3919,uniform
9,40,19,6,3919,uniform
9,41,57,19,3919,uniform
9,42,98,21,3919,uniform
9,43,68,57,3919,uniform
9,44,57,22,3919,uniform
9,45,6,59,3919,uniform
9,46,7,95,3919,uniform
9,47,20,17,3919,uniform
9,48,2,85,3919,uniform
9,49,10,6,3919,uniform
9,50,15,82,3919,uniform
9,51,3,42,3919,uniform
9,52,82,64,3919,uniform
9,53,61,46,3919,uniform
9,54,93,79,3919,uniform
9,55,71,25,3919,uniform
9,56,11,50,3919,uniform
9,57,7,10,3919,uniform
9,58,20,61,3919,uniform
9,59,65,60,3919,uniform
9,60,34,14,3919,uniform
9,61,18,21,3919,uniform
9,62,3,86,3919,uniform
9,63,88,48,3919,uniform
9,64,2,29,3919,uniform
9,65,26,14,3919,uniform
9,66,24,58,3919,uniform
9,67,93,34,3919,uniform
9,68,73,46,3919,uniform
9,69,76,54,3919,uniform
9,70,36,11,3919,uniform
9,71,20,20,3919,uniform
9,72,44,27,3919,uniform
9,73,7,34,3919,uniform
9,74,51,41,3919,uniform
9,75,98,11,3919,uniform
9,76,10,65,3919,uniform
9,77,30,36,3919,uniform
9,78,41,97,3919,uniform
9,79,99,45,3919,uniform
9,80,62,68,3919,uniform
9,81,11,27,3919,uniform
9,82,94,72,3919,uniform
9,83,39,92,3919,uniform
9,84,71,70,3919,uniform
9,85,6,37,3919,uniform
9,86,42,67,3919,uniform
9,87,66,24,3919,uniform
9,88,75,31,3919,uniform
9,89,61,24,3919,uniform
9,90,40,75,3919,uniform
9,91,56,99,3919,uniform
9,92,1,85,3919,uniform
9,93,96,49,3919,uniform
9,94,57,30,3919,uniform
9,95,20,68,3919,uniform
9,96,94,35,3919,uniform
9,97,37,41,3919,uniform
9,98,88,99,3919,uniform
9,99,24,2,3919,uniform
10,0,38,4,4871,exponential
10,1,45,35,4871,exponential
10,2,14,3,4871,exponential
10,3,19,53,4871,exponential
10,4,67,42,4871,exponential
10,5,47,30,4871,exponential
10,6,18,45,4871,exponential
10,7,121,24,4871,exponential
10,8,6,27,4871,exponential
10,9,1,66,4871,exponential
10,10,4,43,4871,exponential
10,11,38,21,4871,exponential
10,12,17,3,4871,exponential
10,13,6,0,4871,exponential
10,14,25,80,4871,exponential
10,15,13,6,4871,exponential
10,16,3,68,4871,exponential
10,17,117,0,4871,exponential
10,18,65,6,4871,exponential
10,19,4,23,4871,exponential
10,20,34,57,4871,exponential
10,21,44,2,4871,exponential
10,22,27,14,4871,exponential
10,23,4,70,4871,exponential
10,24,6,3,4871,exponential
10,25,50,45,4871,exponential
10,26,92,35,4871,exponential
10,27,2,93,4871,exponential
10,28,40,24,4871,exponential
10,29,0,7,4871,exponential
10,30,28,75,4871,exponential
10,31,7,45,4871,exponential
10,32,16,29,4871,exponential
10,33,15,41,4871,exponential
10,34,105,24,4871,exponential
10,35,40,7,4871,exponential
10,36,4,49,4871,exponential
10,37,42,18,4871,exponential
10,38,74,47,4871,exponential
10,39,2,32,4871,exponential
10,40,7,19,4871,exponential
10,41,13,6,4871,exponential
10,42,2,4,4871,exponential
10,43,74,31,4871,exponential
10,44,84,64,4871,exponential
10,45,22,33,4871,exponential
10,46,124,7,4871,exponential
10,47,122,8,4871,exponential
10,48,41,56,4871,exponential
10,49,4,34,4871,exponential
10,50,16,26,4871,exponential
10,51,19,2,4871,exponential
10,52,24,0,4871,exponential
10,53,20,7,4871,exponential
10,54,4,13,4871,exponential
10,55,30,18,4871,exponential
10,56,6,4,4871,exponential
10,57,35,8,4871,exponential
10,58,41,12,4871,exponential
10,59,70,15,4871,exponential
10,60,22,16,4871,exponential
10,61,6,38,4871,exponential
10,62,55,68,4871,exponential
10,63,17,9,4871,exponential
10,64,6,0,4871,exponential
10,65,52,36,4871,exponential
10,66,22,1,4871,exponential
10,67,16,86,4871,exponential
10,68,31,16,4871,exponential
10,69,41,0,4871,exponential
10,70,104,10,4871,exponential
10,71,11,9,4871,exponential
10,72,57,23,4871,exponential
10,73,12,28,4871,exponential
10,74,1,6,4871,exponential
10,75,2,47,4871,exponential
10,76,69,20,4871,exponential
10,77,7,7,4871,exponential
10,78,15,42,4871,exponential
10,79,71,29,4871,exponential
10,80,30,24,4871,exponential
10,81,22,6,4871,exponential
10,82,10,0,4871,exponential
10,83,16,44,4871,exponential
10,84,49,18,4871,exponential
10,85,64,33,4871,exponential
10,86,44,19,4871,exponential
10,87,2,32,4871,exponential
10,88,22,63,4871,exponential
10,89,2,28,4871,exponential
10,90,38,38,4871,exponential
10,91,33,16,4871,exponential
10,92,7,21,4871,exponential
10,93,9,127,4871,exponential
10,94,11,16,4871,exponential
10,95,7,35,4871,exponential
10,96,10,36,4871,exponential
10,97,7,9,4871,exponential
10,98,90,21,4871,exponential
10,99,8,39,4871,exponential
11,0,71,33,4061,normal
11,1,31,23,4061,normal
11,2,37,45,4061,normal
11,3,57,51,4061,normal
11,4,45,54,4061,normal
11,5,50,23,4061,normal
11,6,60,12,4061,normal
11,7,45,67,4061,normal
11,8,45,61,4061,normal
11,9,53,56,4061,normal
11,10,39,49,4061,normal
11,11,64,52,4061,normal
11,12,76,31,4061,normal
11,13,51,22,4061,normal
11,14,53,65,4061,normal
11,15,47,33,4061,normal
11,16,63,71,4061,normal
11,17,62,64,4061,normal
11,18,54,64,4061,normal
11,19,65,40,4061,normal
11,20,48,31,4061,normal
11,21,88,35,4061,normal
11,22,57,71,4061,normal
11,23,53,77,4061,normal
11,24,51,66,4061,normal
11,25,53,41,4061,normal
11,26,56,57,4061,normal
11,27,56,43,4061,normal
11,28,38,33,4061,normal
11,29,50,46,4061,normal
11,30,17,55,4061,normal
11,31,68,65,4061,normal
11,32,41,51,4061,normal
11,33,35,75,4061,normal
11,34,69,59,4061,normal
11,35,44,17,4061,normal
11,36,23,53,4061,normal
11,37,61,37,4061,normal
11,38,12,59,4061,normal
11,39,42,23,4061,normal
11,40,51,36,4061,normal
11,41,55,49,4061,normal
11,42,17,59,4061,normal
11,43,64,31,4061,normal
11,44,56,49,4061,normal
11,45,67,66,4061,normal
11,46,56,48,4061,normal
11,47,26,12,4061,normal
11,48,27,56,4061,normal
11,49,28,76,4061,normal
11,50,16,51,4061,normal
11,51,32,47,4061,normal
11,52,51,22,4061,normal
11,53,52,43,4061,normal
11,54,49,50,4061,normal
11,55,50,30,4061,normal
11,56,39,31,4061,normal
11,57,64,58,4061,normal
11,58,48,17,4061,normal
11,59,61,68,4061,normal
11,60,33,37,4061,normal
11,61,70,51,4061,normal
11,62,79,60,4061,normal
11,63,63,52,4061,normal
11,64,39,30,4061,normal
11,65,75,43,4061,normal
11,66,24,44,4061,normal
11,67,42,37,4061,normal
11,68,59,51,4061,normal
11,69,61,11,4061,normal
11,70,37,50,4061,normal
11,71,36,36,4061,normal
11,72,54,52,4061,normal
11,73,58,11,4061,normal
11,74,57,28,4061,normal
11,75,54,2,4061,normal
11,76,61,37,4061,normal
11,77,69,35,4061,normal
11,78,34,41,4061,normal
11,79,35,54,4061,normal
11,80,70,50,4061,normal
11,81,68,44,4061,normal
11,82,80,72,4061,normal
11,83,51,57,4061,normal
11,84,61,105,4061,normal
11,85,53,40,4061,normal
11,86,26,17,4061,normal
11,87,49,48,4061,normal
11,88,45,71,4061,normal
11,89,34,15,4061,normal
11,90,49,76,4061,normal
11,91,74,49,4061,normal
11,92,56,79,4061,normal
11,93,62,63,4061,normal
11,94,49,73,4061,normal
11,95,54,37,4061,normal
11,96,56,49,4061,normal
11,97,32,77,4061,normal
11,98,41,45,4061,normal
11,99,57,19,4061,normal
12,0,6,9,3778,exponential
12,1,58,25,3778,exponential
12,2,27,5,3778,exponential
12,3,76,78,3778,exponential
12,4,2,29,3778,exponential
12,5,109,14,3778,exponential
12,6,57,14,3778,exponential
12,7,1,7,3778,exponential
12,8,70,6,3778,exponential
12,9,22,0,3778,exponential
12,10,19,4,3778,exponential
12,11,85,67,3778,exponential
12,12,5,4,3778,exponential
12,13,7,11,3778,exponential
12,14,7,34,3778,exponential
12,15,5,26,3778,exponential
12,16,57,63,3778,exponential
12,17,9,77,3778,exponential
12,18,2,27,3778,exponential
12,19,18,13,3778,exponential
12,20,19,1,3778,exponential
12,21,14,18,3778,exponential
12,22,15,95,3778,exponential
12,23,10,16,3778,exponential
12,24,14,48,3778,exponential
12,25,43,13,3778,exponential
12,26,37,11,3778,exponential
12,27,47,14,3778,exponential
12,28,106,4,3778,exponential
12,29,26,14,3778,exponential
12,30,26,39,3778,exponential
12,31,5,43,3778,exponential
12,32,20,3,3778,exponential
12,33,3,23,3778,exponential
12,34,3,35,3778,exponential
12,35,7,10,3778,exponential
12,36,2,51,3778,exponential
12,37,12,11,3778,exponential
12,38,1,31,3778,exponential
12,39,0,12,3778,exponential
12,40,2,21,3778,exponential
12,41,32,13,3778,exponential
12,42,41,82,3778,exponential
12,43,2,2,3778,exponential
12,44,27,6,3778,exponential
12,45,71,6,3778,exponential
12,46,48,33,3778,exponential
12,47,54,22,3778,exponential
12,48,148,29,3778,exponential
12,49,43,27,3778,exponential
12,50,98,2,3778,exponential
12,51,4,17,3778,exponential
12,52,66,33,3778,exponential
12,53,30,77,3778,exponential
12,54,25,30,3778,exponential
12,55,2,3,3778,exponential
12,56,1,50,3778,exponential
12,57,4,24,3778,exponential
12,58,20,47,3778,exponential
12,59,82,5,3778,exponential
12,60,50,1,3778,exponential
12,61,109,42,3778,exponential
12,62,63,30,3778,exponential
12,63,91,58,3778,exponential
12,64,12,15,3778,exponential
12,65,11,8,3778,exponential
12,66,16,28,3778,exponential
12,67,67,48,3778,exponential
12,68,13,199,3778,exponential
12,69,18,93,3778,exponential
12,70,82,27,3778,exponential
12,71,13,69,3778,exponential
12,72,56,6,3778,exponential
12,73,18,1,3778,exponential
12,74,15,1,3778,exponential
12,75,1,20,3778,exponential
12,76,103,16,3778,exponential
12,77,46,61,3778,exponential
12,78,37,86,3778,exponential
12,79,72,44,3778,exponential
12,80,66,47,3778,exponential
12,81,44,17,3778,exponential
12,82,61,48,3778,exponential
12,83,108,40,3778,exponential
12,84,34,15,3778,exponential
12,85,56,1,3778,exponential
12,86,92,17,3778,exponential
12,87,3,11,3778,exponential
12,88,27,4,3778,exponential
12,89,24,36,3778,exponential
12,90,73,18,3778,exponential
12,91,44,23,3778,exponential
12,92,17,114,3778,exponential
12,93,36,64,3778,exponential
12,94,56,22,3778,exponential
12,95,72,0,3778,exponential
12,96,32,64,3778,exponential
12,97,9,37,3778,exponential
12,98,30,7,3778,exponential
12,99,18,43,3778,exponential
13,0,9,23,3121,exponential
13,1,55,5,3121,exponential
13,2,20,23,3121,exponential
13,3,20,94,3121,exponential
13,4,20,53,3121,exponential
13,5,62,31,3121,exponential
13,6,2,2,3121,exponential
13,7,24,12,3121,exponential
13,8,42,26,3121,exponential
13,9,9,14,3121,exponential
13,10,29,35,3121,exponential
13,11,49,11,3121,exponential
13,12,12,11,3121,exponential
13,13,30,66,3121,exponential
13,14,79,41,3121,exponential
13,15,41,33,3121,exponential
13,16,5,31,3121,exponential
13,17,81,69,3121,exponential
13,18,44,10,3121,exponential
13,19,45,99,3121,exponential
13,20,8,3,3121,exponential
13,21,92,1,3121,exponential
13,22,43,75,3121,exponential
13,23,35,8,3121,exponential
13,24,32,13,3121,exponential
13,25,9,24,3121,exponential
13,26,2,2,3121,exponential
13,27,54,71,3121,exponential
13,28,46,14,3121,exponential
13,29,88,29,3121,exponential
13,30,1,3,3121,exponential
13,31,53,68,3121,exponential
13,32,142,32,3121,exponential
13,33,4,9,3121,exponential
13,34,6,68,3121,exponential
13,35,42,27,3121,exponential
13,36,5,27,3121,exponential
13,37,88,7,3121,exponential
13,38,7,20,3121,exponential
13,39,23,2,3121,exponential
13,40,47,100,3121,exponential
13,41,27,30,3121,exponential
13,42,37,10,3121,exponential
13,43,65,59,3121,exponential
13,44,7,78,3121,exponential
13,45,3,24,3121,exponential
13,46,32,32,3121,exponential
13,47,23,2,3121,exponential
13,48,15,9,3121,exponential
13,49,11,8,3121,exponential
13,50,31,5,3121,exponential
13,51,2,20,3121,exponential
13,52,51,17,3121,exponential
13,53,71,1,3121,exponential
13,54,23,16,3121,exponential
13,55,56,52,3121,exponential
13,56,2,4,3121,exponential
13,57,35,15,3121,exponential
13,58,35,15,3121,exponential
13,59,12,11,3121,exponential
13,60,17,5,3121,exponential
13,61,51,20,3121,exponential
13,62,11,119,3121,exponential
13,63,36,62,3121,exponential
13,64,66,6,3121,exponential
13,65,51,40,3121,exponential
13,66,51,3,3121,exponential
13,67,24,34,3121,exponential
13,68,19,57,3121,exponential
13,69,17,70,3121,exponential
13,70,6,1,3121,exponential
13,71,68,15,3121,exponential
13,72,40,16,3121,exponential
13,73,21,14,3121,exponential
13,74,23,72,3121,exponential
13,75,13,40,3121,exponential
13,76,24,33,3121,exponential
13,77,9,16,3121,exponential
13,78,65,5,3121,exponential
13,79,175,14,3121,exponential
13,80,9,32,3121,exponential
13,81,18,9,3121,exponential
13,82,63,15,3121,exponential
13,83,24,2,3121,exponential
13,84,13,17,3121,exponential
13,85,58,36,3121,exponential
13,86,58,55,3121,exponential
13,87,57,5,3121,exponential
13,88,26,126,3121,exponential
13,89,18,17,3121,exponential
13,90,38,9,3121,exponential
13,91,32,8,3121,exponential
13,92,13,19,3121,exponential
13,93,104,21,3121,exponential
13,94,23,23,3121,exponential
13,95,140,2,3121,exponential
13,96,74,7,3121,exponential
13,97,178,74,3121,exponential
13,98,41,3,3121,exponential
13,99,41,19,3121,exponential
14,0,65,18,2661,uniform
14,1,81,58,2661,uniform
14,2,12,55,2661,uniform
14,3,23,17,2661,uniform
14,4,21,11,2661,uniform
14,5,56,30,2661,uniform
14,6,79,92,2661,uniform
14,7,97,44,2661,uniform
14,8,97,30,2661,uniform
14,9,8,12,2661,uniform
14,10,79,26,2661,uniform
14,11,16,78,2661,uniform
14,12,50,62,2661,uniform
14,13,98,86,2661,uniform
14,14,87,62,2661,uniform
14,15,6,91,2661,uniform
14,16,18,30,2661,uniform
14,17,38,79,2661,uniform
14,18,56,63,2661,uniform
14,19,87,87,2661,uniform
14,20,39,39,2661,uniform
14,21,11,24,2661,uniform
14,22,54,47,2661,uniform
14,23,94,79,2661,uniform
14,24,22,41,2661,uniform
14,25,89,91,2661,uniform
14,26,52,71,2661,uniform
14,27,45,50,2661,uniform
14,28,53,35,2661,uniform
14,29,64,34,2661,uniform
14,30,68,27,2661,uniform
14,31,32,79,2661,uniform
14,32,33,30,2661,uniform
14,33,10,6,2661,uniform
14,34,50,92,2661,uniform
14,35,43,36,2661,uniform
14,36,39,24,2661,uniform
14,37,87,75,2661,uniform
14,38,75,41,2661,uniform
14,39,16,27,2661,uniform
14,40,50,81,2661,uniform
14,41,53,1,2661,uniform
14,42,40,24,2661,uniform
14,43,19,50,2661,uniform
14,44,69,31,2661,uniform
14,45,28,46,2661,uniform
14,46,43,12,2661,uniform
14,47,65,93,2661,uniform
14,48,69,39,2661,uniform
14,49,21,82,2661,uniform
14,50,68,70,2661,uniform
14,51,27,5,2661,uniform
14,52,33,62,2661,uniform
14,53,93,19,2661,uniform
14,54,36,49,2661,uniform
14,55,50,99,2661,uniform
14,56,53,66,2661,uniform
14,57,84,1,2661,uniform
14,58,58,69,2661,uniform
14,59,62,62,2661,uniform
14,60,88,72,2661,uniform
14,61,21,62,2661,uniform
14,62,82,16,2661,uniform
14,63,36,30,2661,uniform
14,64,99,94,2661,uniform
14,65,86,85,2661,uniform
14,66,17,4,2661,uniform
14,67,78,21,2661,uniform
14,68,43,39,2661,uniform
14,69,84,81,2661,uniform
14,70,77,79,2661,uniform
14,71,79,59,2661,uniform
14,72,11,64,2661,uniform
14,73,97,12,2661,uniform
14,74,63,54,2661,uniform
14,75,20,43,2661,uniform
14,76,96,59,2661,uniform
14,77,86,99,2661,uniform
14,78,26,12,2661,uniform
14,79,80,73,2661,uniform
14,80,1,38,2661,uniform
14,81,25,71,2661,uniform
14,82,59,61,2661,uniform
14,83,40,43,2661,uniform
14,84,91,94,2661,uniform
14,85,76,17,2661,uniform
14,86,60,92,2661,uniform
14,87,90,84,2661,uniform
14,88,85,58,2661,uniform
14,89,45,75,2661,uniform
14,90,19,45,2661,uniform
14,91,16,34,2661,uniform
14,92,42,95,2661,uniform
14,93,30,35,2661,uniform
14,94,79,85,2661,uniform
14,95,85,68,2661,uniform
14,96,73,4,2661,uniform
14,97,52,4,2661,uniform
14,98,91,10,2661,uniform
14,99,62,9,2661,uniform
15,0,7,47,2904,uniform
15,1,3,24,2904,uniform
15,2,88,3,2904,uniform
15,3,56,35,2904,uniform
15,4,44,56,2904,uniform
15,5,23,62,2904,uniform
15,6,55,66,2904,uniform
15,7,36,27,2904,uniform
15,8,12,25,2904,uniform
15,9,32,25,2904,uniform
15,10,34,42,2904,uniform
15,11,67,93,2904,uniform
15,12,61,2,2904,uniform
15,13,65,70,2904,uniform
15,14,5,65,2904,uniform
15,15,69,77,2904,uniform
15,16,70,30,2904,uniform
15,17,70,47,2904,uniform
15,18,66,19,2904,uniform
15,19,25,19,2904,uniform
15,20,40,87,2904,uniform
15,21,29,46,2904,uniform
15,22,28,27,2904,uniform
15,23,44,94,2904,uniform
15,24,55,56,2904,uniform
15,25,47,43,2904,uniform
15,26,41,76,2904,uniform
15,27,84,22,2904,uniform
15,28,92,39,2904,uniform
15,29,82,55,2904,uniform
15,30,98,44,2904,uniform
15,31,20,20,2904,uniform
15,32,8,78,2904,uniform
15,33,70,23,2904,uniform
15,34,72,33,2904,uniform
15,35,92,11,2904,uniform
15,36,23,31,2904,uniform
15,37,1,93,2904,uniform
15,38,6,18,2904,uniform
15,39,62,28,2904,uniform
15,40,77,47,2904,uniform
15,41,73,12,2904,uniform
15,42,90,87,2904,uniform
15,43,50,59,2904,uniform
15,44,81,8,2904,uniform
15,45,92,25,2904,uniform
15,46,95,47,2904,uniform
15,47,74,43,2904,uniform
15,48,80,80,2904,uniform
15,49,68,42,2904,uniform
15,50,70,4,2904,uniform
15,51,99,35,2904,uniform
15,52,81,74,2904,uniform
15,53,27,39,2904,uniform
15,54,67,76,2904,uniform
15,55,43,7,2904,uniform
15,56,89,5,2904,uniform
15,57,31,50,2904,uniform
15,58,32,42,2904,uniform
15,59,20,10,2904,uniform
15,60,94,1,2904,uniform
15,61,3,88,2904,uniform
15,62,48,97,2904,uniform
15,63,81,95,2904,uniform
15,64,4,26,2904,uniform
15,65,14,65,2904,uniform
15,66,71,69,2904,uniform
15,67,48,43,2904,uniform
15,68,26,19,2904,uniform
15,69,44,31,2904,uniform
15,70,48,54,2904,uniform
15,71,89,79,2904,uniform
15,72,63,82,2904,uniform
15,73,13,71,2904,uniform
15,74,89,4,2904,uniform
15,75,73,43,2904,uniform
15,76,84,7,2904,uniform
15,77,95,32,2904,uniform
15,78,76,48,2904,uniform
15,79,85,4,2904,uniform
15,80,62,53,2904,uniform
15,81,6,97,2904,uniform
15,82,72,99,2904,uniform
15,83,11,4,2904,uniform
15,84,67,93,2904,uniform
15,85,20,98,2904,uniform
15,86,34,59,2904,uniform
15,87,66,55,2904,uniform
15,88,82,27,2904,uniform
15,89,58,85,2904,uniform
15,90,76,8,2904,uniform
15,91,34,9,2904,uniform
15,92,65,42,2904,uniform
15,93,93,32,2904,uniform
15,94,54,6,2904,uniform
15,95,43,45,2904,uniform
15,96,23,60,2904,uniform
15,97,71,40,2904,uniform
15,98,27,80,2904,uniform
15,99,50,70,2904,uniform
16,0,6,46,4449,exponential
16,1,24,0,4449,exponential
16,2,13,4,4449,exponential
16,3,13,7,4449,exponential
16,4,2,31,4449,exponential
16,5,10,54,4449,exponential
16,6,115,11,4449,exponential
16,7,62,86,4449,exponential
16,8,53,57,4449,exponential
16,9,40,7,4449,exponential
16,10,12,14,4449,exponential
16,11,34,15,4449,exponential
16,12,21,91,4449,exponential
16,13,70,0,4449,exponential
16,14,15,12,4449,exponential
16,15,48,12,4449,exponential
16,16,101,78,4449,exponential
16,17,20,15,4449,exponential
16,18,88,19,4449,exponential
16,19,4,22,4449,exponential
16,20,14,18,4449,exponential
16,21,73,12,4449,exponential
16,22,47,1,4449,exponential
16,23,14,11,4449,exponential
16,24,38,32,4449,exponential
16,25,1,32,4449,exponential
16,26,74,64,4449,exponential
16,27,16,2,4449,exponential
16,28,24,51,4449,exponential
16,29,35,0,4449,exponential
16,30,9,7,4449,exponential
16,31,17,15,4449,exponential
16,32,19,9,4449,exponential
16,33,18,15,4449,exponential
16,34,46,13,4449,exponential
16,35,11,6,4449,exponential
16,36,6,26,4449,exponential
16,37,13,15,4449,exponential
16,38,71,42,4449,exponential
16,39,41,57,4449,exponential
16,40,75,19,4449,exponential
16,41,52,158,4449,exponential
16,42,144,55,4449,exponential
16,43,6,16,4449,exponential
16,44,0,46,4449,exponential
16,45,54,6,4449,exponential
16,46,9,58,4449,exponential
16,47,108,41,4449,exponential
16,48,65,10,4449,exponential
16,49,36,17,4449,exponential
16,50,2,50,4449,exponential
16,51,1,4,4449,exponential
16,52,6,41,4449,exponential
16,53,29,42,4449,exponential
16,54,9,5,4449,exponential
16,55,29,6,4449,exponential
16,56,25,8,4449,exponential
16,57,19,26,4449,exponential
16,58,16,125,4449,exponential
16,59,0,42,4449,exponential
16,60,4,4,4449,exponential
16,61,10,66,4449,exponential
16,62,59,27,4449,exponential
16,63,52,9,4449,exponential
16,64,4,21,4449,exponential
16,65,64,40,4449,exponential
16,66,17,11,4449,exponential
16,67,27,19,4449,exponential
16,68,33,21,4449,exponential
16,69,83,100,4449,exponential
16,70,7,124,4449,exponential
16,71,3,54,4449,exponential
16,72,50,26,4449,exponential
16,73,12,3,4449,exponential
16,74,0,8,4449,exponential
16,75,23,19,4449,exponential
16,76,19,53,4449,exponential
16,77,16,4,4449,exponential
16,78,17,54,4449,exponential
16,79,48,1,4449,exponential
16,80,4,11,4449,exponential
16,81,21,18,4449,exponential
16,82,13,7,4449,exponential
16,83,2,8,4449,exponential
16,84,0,145,4449,exponential
16,85,4,19,4449,exponential
16,86,120,2,4449,exponential
16,87,16,72,4449,exponential
16,88,13,20,4449,exponential
16,89,26,2,4449,exponential
16,90,0,30,4449,exponential
16,91,20,16,4449,exponential
16,92,11,32,4449,exponential
16,93,4,176,4449,exponential
16,94,51,40,4449,exponential
16,95,45,6,4449,exponential
16,96,59,2,4449,exponential
16,97,68,39,4449,exponential
16,98,15,2,4449,exponential
16,99,46,117,4449,exponential
17,0,72,31,2838,normal
17,1,33,62,2838,normal
17,2,24,59,2838,normal
17,3,70,79,2838,normal
17,4,69,26,2838,normal
17,5,78,94,2838,normal
17,6,55,66,2838,normal
17,7,77,42,2838,normal
17,8,32,74,2838,normal
17,9,43,52,2838,normal
17,10,68,59,2838,normal
17,11,59,54,2838,normal
17,12,40,60,2838,normal
17,13,47,36,2838,normal
17,14,75,29,2838,normal
17,15,47,69,2838,normal
17,16,65,23,2838,normal
17,17,35,38,2838,normal
17,18,56,72,2838,normal
17,19,64,47,2838,normal
17,20,56,17,2838,normal
17,21,46,52,2838,normal
17,22,65,25,2838,normal
17,23,35,29,2838,normal
17,24,65,32,2838,normal
17,25,54,54,2838,normal
17,26,45,49,2838,normal
17,27,55,41,2838,normal
17,28,53,52,2838,normal
17,29,37,77,2838,normal
17,30,81,54,2838,normal
17,31,57,84,2838,normal
17,32,62,29,2838,normal
17,33,52,50,2838,normal
17,34,33,47,2838,normal
17,35,79,34,2838,normal
17,36,60,44,2838,normal
17,37,47,44,2838,normal
17,38,35,87,2838,normal
17,39,32,41,2838,normal
17,40,73,30,2838,normal
17,41,56,32,2838,normal
17,42,71,34,2838,normal
17,43,34,73,2838,normal
17,44,70,60,2838,normal
17,45,33,78,2838,normal
17,46,39,57,2838,normal
17,47,59,47,2838,normal
17,48,43,45,2838,normal
17,49,67,19,2838,normal
17,50,67,53,2838,normal
17,51,30,55,2838,normal
17,52,51,78,2838,normal
17,53,69,65,2838,normal
17,54,25,46,2838,normal
17,55,47,53,2838,normal
17,56,47,31,2838,normal
17,57,54,11,2838,normal
17,58,53,60,2838,normal
17,59,75,93,2838,normal
17,60,52,12,2838,normal
17,61,37,59,2838,normal
17,62,62,41,2838,normal
17,63,35,28,2838,normal
17,64,62,55,2838,normal
17,65,41,63,2838,normal
17,66,44,59,2838,normal
17,67,55,60,2838,normal
17,68,43,61,2838,normal
17,69,96,41,2838,normal
17,70,46,44,2838,normal
17,71,39,49,2838,normal
17,72,54,53,2838,normal
17,73,71,22,2838,normal
17,74,34,28,2838,normal
17,75,53,45,2838,normal
17,76,66,41,2838,normal
17,77,49,52,2838,normal
17,78,79,21,2838,normal
17,79,76,33,2838,normal
17,80,56,69,2838,normal
17,81,60,59,2838,normal
17,82,23,57,2838,normal
17,83,76,58,2838,normal
17,84,54,46,2838,normal
17,85,51,66,2838,normal
17,86,40,49,2838,normal
17,87,45,43,2838,normal
17,88,63,45,2838,normal
17,89,65,66,2838,normal
17,90,39,30,2838,normal
17,91,29,55,2838,normal
17,92,62,78,2838,normal
17,93,62,60,2838,normal
17,94,46,40,2838,normal
17,95,34,54,2838,normal
17,96,47,69,2838,normal
17,97,49,29,2838,normal
17,98,56,40,2838,normal
17,99,18,47,2838,normal
18,0,40,64,4113,uniform
18,1,54,17,4113,uniform
18,2,66,71,4113,uniform
18,3,90,82,4113,uniform
18,4,14,61,4113,uniform
18,5,95,66,4113,uniform
18,6,16,92,4113,uniform
18,7,81,92,4113,uniform
18,8,65,93,4113,uniform
18,9,60,12,4113,uniform
18,10,85,20,4113,uniform
18,11,92,31,4113,uniform
18,12,27,87,4113,uniform
18,13,28,2,4113,uniform
18,14,89,39,4113,uniform
18,15,17,65,4113,uniform
18,16,73,67,4113,uniform
18,17,40,70,4113,uniform
18,18,16,46,4113,uniform
18,19,63,88,4113,uniform
18,20,54,39,4113,uniform
18,21,97,6,4113,uniform
18,22,96,97,4113,uniform
18,23,8,11,4113,uniform
18,24,37,1,4113,uniform
18,25,31,99,4113,uniform
18,26,30,89,4113,uniform
18,27,70,28,4113,uniform
18,28,55,43,4113,uniform
18,29,22,10,4113,uniform
18,30,94,73,4113,uniform
18,31,85,72,4113,uniform
18,32,19,8,4113,uniform
18,33,53,7,4113,uniform
18,34,36,2,4113,uniform
18,35,71,94,4113,uniform
18,36,61,63,4113,uniform
18,37,85,46,4113,uniform
18,38,30,96,4113,uniform
18,39,59,19,4113,uniform
18,40,52,42,4113,uniform
18,41,32,28,4113,uniform
18,42,32,1,4113,uniform
18,43,1,12,4113,uniform
18,44,39,7,4113,uniform
18,45,50,85,4113,uniform
18,46,58,76,4113,uniform
18,47,96,19,4113,uniform
18,48,93,94,4113,uniform
18,49,41,44,4113,uniform
18,50,11,44,4113,uniform
18,51,66,94,4113,uniform
18,52,38,14,4113,uniform
18,53,10,85,4113,uniform
18,54,60,82,4113,uniform
18,55,41,55,4113,uniform
18,56,58,36,4113,uniform
18,57,82,56,4113,uniform
18,58,98,26,4113,uniform
18,59,37,56,4113,uniform
18,60,44,47,4113,uniform
18,61,34,17,4113,uniform
18,62,27,73,4113,uniform
18,63,51,4,4113,uniform
18,64,66,98,4113,uniform
18,65,2,46,4113,uniform
18,66,34,97,4113,uniform
18,67,19,86,4113,uniform
18,68,15,59,4113,uniform
18,69,84,29,4113,uniform
18,70,97,19,4113,uniform
18,71,78,81,4113,uniform
18,72,90,95,4113,uniform
18,73,96,14,4113,uniform
18,74,91,12,4113,uniform
18,75,47,46,4113,uniform
18,76,33,95,4113,uniform
18,77,73,20,4113,uniform
18,78,16,23,4113,uniform
18,79,44,72,4113,uniform
18,80,23,58,4113,uniform
18,81,3,52,4113,uniform
18,82,65,74,4113,uniform
18,83,5,54,4113,uniform
18,84,69,1,4113,uniform
18,85,43,88,4113,uniform
18,86,4,77,4113,uniform
18,87,26,83,4113,uniform
18,88,74,21,4113,uniform
18,89,91,31,4113,uniform
18,90,60,50,4113,uniform
18,91,63,3,4113,uniform
18,92,37,68,4113,uniform
18,93,54,92,4113,uniform
18,94,98,35,4113,uniform
18,95,70,44,4113,uniform
18,96,59,66,4113,uniform
18,97,61,41,4113,uniform
18,98,22,42,4113,uniform
18,99,59,88,4113,uniform
19,0,52,56,3226,normal
19,1,55,65,3226,normal
19,2,55,62,3226,normal
19,3,46,49,3226,normal
19,4,22,69,3226,normal
19,5,27,63,3226,normal
19,6,59,85,3226,normal
19,7,49,56,3226,normal
19,8,39,33,3226,normal
19,9,29,63,3226,normal
19,10,31,40,3226,normal
19,11,43,66,3226,normal
19,12,54,25,3226,normal
19,13,58,86,3226,normal
19,14,55,60,3226,normal
19,15,91,73,3226,normal
19,16,43,38,3226,normal
19,17,78,41,3226,normal
19,18,63,49,3226,normal
19,19,55,36,3226,normal
19,20,51,64,3226,normal
19,21,40,62,3226,normal
19,22,82,55,3226,normal
19,23,57,78,3226,normal
19,24,40,29,3226,normal
19,25,68,32,3226,normal
19,26,27,23,3226,normal
19,27,56,15,3226,normal
19,28,29,62,3226,normal
19,29,45,73,3226,normal
19,30,43,37,3226,normal
19,31,61,56,3226,normal
19,32,53,49,3226,normal
19,33,65,44,3226,normal
19,34,54,36,3226,normal
19,35,39,32,3226,normal
19,36,49,74,3226,normal
19,37,39,50,3226,normal
19,38,43,45,3226,normal
19,39,33,75,3226,normal
19,40,51,23,3226,normal
19,41,48,53,3226,normal
19,42,69,33,3226,normal
19,43,36,58,3226,normal
19,44,69,36,3226,normal
19,45,89,63,3226,normal
19,46,39,39,3226,normal
19,47,39,39,3226,normal
19,48,64,35,3226,normal
19,49,64,33,3226,normal
19,50,58,62,3226,normal
19,51,37,57,3226,normal
19,52,42,24,3226,normal
19,53,70,64,3226,normal
19,54,44,39,3226,normal
19,55,61,38,3226,normal
19,56,45,41,3226,normal
19,57,62,36,3226,normal
19,58,51,47,3226,normal
19,59,38,40,3226,normal
19,60,45,46,3226,normal
19,61,58,50,3226,normal
19,62,50,25,3226,normal
19,63,55,61,3226,normal
19,64,59,42,3226,normal
19,65,47,57,3226,normal
19,66,39,3,3226,normal
19,67,34,39,3226,normal
19,68,52,77,3226,normal
19,69,72,42,3226,normal
19,70,43,44,3226,normal
19,71,64,52,3226,normal
19,72,38,63,3226,normal
19,73,6,63,3226,normal
19,74,25,40,3226,normal
19,75,24,35,3226,normal
19,76,51,40,3226,normal
19,77,44,50,3226,normal
19,78,34,75,3226,normal
19,79,25,46,3226,normal
19,80,58,49,3226,normal
19,81,54,76,3226,normal
19,82,44,39,3226,normal
19,83,48,41,3226,normal
19,84,41,61,3226,normal
19,85,56,37,3226,normal
19,86,41,58,3226,normal
19,87,75,30,3226,normal
19,88,56,33,3226,normal
19,89,54,41,3226,normal
19,90,59,24,3226,normal
19,91,61,46,3226,normal
19,92,42,49,3226,normal
19,93,56,73,3226,normal
19,94,61,51,3226,normal
19,95,25,52,3226,normal
19,96,69,50,3226,normal
19,97,74,16,3226,normal
19,98,53,63,3226,normal
19,99,75,45,3226,normal
20,0,41,45,2933,uniform
20,1,92,94,2933,uniform
20,2,1,81,2933,uniform
20,3,55,11,2933,uniform
20,4,49,49,2933,uniform
20,5,25,47,2933,uniform
20,6,38,59,2933,uniform
20,7,41,10,2933,uniform
20,8,72,39,2933,uniform
20,9,43,21,2933,uniform
20,10,22,14,2933,uniform
20,11,75,97,2933,uniform
20,12,56,1,2933,uniform
20,13,58,76,2933,uniform
20,14,36,68,2933,uniform
20,15,22,36,2933,uniform
20,16,42,49,2933,uniform
20,17,50,35,2933,uniform
20,18,7,2,2933,uniform
20,19,87,9,2933,uniform
20,20,58,78,2933,uniform
20,21,39,69,2933,uniform
20,22,32,99,2933,uniform
20,23,8,58,2933,uniform
20,24,88,73,2933,uniform
20,25,22,69,2933,uniform
20,26,95,42,2933,uniform
20,27,20,96,2933,uniform
20,28,53,84,2933,uniform
20,29,70,13,2933,uniform
20,30,65,1,2933,uniform
20,31,15,17,2933,uniform
20,32,37,39,2933,uniform
20,33,92,95,2933,uniform
20,34,20,9,2933,uniform
20,35,82,36,2933,uniform
20,36,77,98,2933,uniform
20,37,21,43,2933,uniform
20,38,50,64,2933,uniform
20,39,55,89,2933,uniform
20,40,20,81,2933,uniform
20,41,93,53,2933,uniform
20,42,87,51,2933,uniform
20,43,76,52,2933,uniform
20,44,85,14,2933,uniform
20,45,11,7,2933,uniform
20,46,12,11,2933,uniform
20,47,60,9,2933,uniform
20,48,67,81,2933,uniform
20,49,18,83,2933,uniform
20,50,14,89,2933,uniform
20,51,7,28,2933,uniform
20,52,5,18,2933,uniform
20,53,51,77,2933,uniform
20,54,11,12,2933,uniform
20,55,12,44,2933,uniform
20,56,73,98,2933,uniform
20,57,83,99,2933,uniform
20,58,6,6,2933,uniform
20,59,86,92,2933,uniform
20,60,75,80,2933,uniform
20,61,55,43,2933,uniform
20,62,36,38,2933,uniform
20,63,1,72,2933,uniform
20,64,80,44,2933,uniform
20,65,77,55,2933,uniform
20,66,99,19,2933,uniform
20,67,75,35,2933,uniform
20,68,5,40,2933,uniform
20,69,46,54,2933,uniform
20,70,37,35,2933,uniform
20,71,54,83,2933,uniform
20,72,60,17,2933,uniform
20,73,65,5,2933,uniform
20,74,68,91,2933,uniform
20,75,19,31,2933,uniform
20,76,9,21,2933,uniform
20,77,23,14,2933,uniform
20,78,64,73,2933,uniform
20,79,14,69,2933,uniform
20,80,88,89,2933,uniform
20,81,58,74,2933,uniform
20,82,96,12,2933,uniform
20,83,70,28,2933,uniform
20,84,20,51,2933,uniform
20,85,86,49,2933,uniform
20,86,66,80,2933,uniform
20,87,78,45,2933,uniform
20,88,42,83,2933,uniform
20,89,3,61,2933,uniform
20,90,58,24,2933,uniform
20,91,18,10,2933,uniform
20,92,63,85,2933,uniform
20,93,57,42,2933,uniform
20,94,24,23,2933,uniform
20,95,10,99,2933,uniform
20,96,48,22,2933,uniform
20,97,86,40,2933,uniform
20,98,96,56,2933,uniform
20,99,11,94,2933,uniform
21,0,1,55,2623,exponential
21,1,20,68,2623,exponential
21,2,38,37,2623,exponential
21,3,50,17,2623,exponential
21,4,10,9,2623,exponential
21,5,52,66,2623,exponential
21,6,1,1,2623,exponential
21,7,4,19,2623,exponential
21,8,72,36,2623,exponential
21,9,153,35,2623,exponential
21,10,28,52,2623,exponential
21,11,14,0,2623,exponential
21,12,16,75,2623,exponential
21,13,97,37,2623,exponential
21,14,33,72,2623,exponential
21,15,12,5,2623,exponential
21,16,95,144,2623,exponential
21,17,44,3,2623,exponential
21,18,1,27,2623,exponential
21,19,52,24,2623,exponential
21,20,3,2,2623,exponential
21,21,63,7,2623,exponential
21,22,51,14,2623,exponential
21,23,18,49,2623,exponential
21,24,47,28,2623,exponential
21,25,62,35,2623,exponential
21,26,0,95,2623,exponential
21,27,22,73,2623,exponential
21,28,34,45,2623,exponential
21,29,16,11,2623,exponential
21,30,50,42,2623,exponential
21,31,1,64,2623,exponential
21,32,12,58,2623,exponential
21,33,3,9,2623,exponential
21,34,4,5,2623,exponential
21,35,33,15,2623,exponential
21,36,45,1,2623,exponential
21,37,39,21,2623,exponential
21,38,8,44,2623,exponential
21,39,9,3,2623,exponential
21,40,12,78,2623,exponential
21,41,23,0,2623,exponential
21,42,35,4,2623,exponential
21,43,65,25,2623,exponential
21,44,24,60,2623,exponential
21,45,0,34,2623,exponential
21,46,31,24,2623,exponential
21,47,11,0,2623,exponential
21,48,19,9,2623,exponential
21,49,98,46,2623,exponential
21,50,5,29,2623,exponential
21,51,77,37,2623,exponential
21,52,92,6,2623,exponential
21,53,8,5,2623,exponential
21,54,39,14,2623,exponential
21,55,28,19,2623,exponential
21,56,32,69,2623,exponential
21,57,131,4,2623,exponential
21,58,12,25,2623,exponential
21,59,53,40,2623,exponential
21,60,117,20,2623,exponential
21,61,18,85,2623,exponential
21,62,1,6,2623,exponential
21,63,10,48,2623,exponential
21,64,34,61,2623,exponential
21,65,101,7,2623,exponential
21,66,47,9,2623,exponential
21,67,12,23,2623,exponential
21,68,90,9,2623,exponential
21,69,247,23,2623,exponential
21,70,107,14,2623,exponential
21,71,13,47,2623,exponential
21,72,2,16,2623,exponential
21,73,4,88,2623,exponential
21,74,2,8,2623,exponential
21,75,22,24,2623,exponential
21,76,47,43,2623,exponential
21,77,50,20,2623,exponential
21,78,0,47,2623,exponential
21,79,5,117,2623,exponential
21,80,29,1,2623,exponential
21,81,47,23,2623,exponential
21,82,13,7,2623,exponential
21,83,146,99,2623,exponential
21,84,39,2,2623,exponential
21,85,55,20,2623,exponential
21,86,11,41,2623,exponential
21,87,27,10,2623,exponential
21,88,2,303,2623,exponential
21,89,16,1,2623,exponential
21,90,5,8,2623,exponential
21,91,18,11,2623,exponential
21,92,10,66,2623,exponential
21,93,18,28,2623,exponential
21,94,75,25,2623,exponential
21,95,5,27,2623,exponential
21,96,11,61,2623,exponential
21,97,15,55,2623,exponential
21,98,17,39,2623,exponential
21,99,36,45,2623,exponential
22,0,60,42,2909,normal
22,1,50,37,2909,normal
22,2,70,4,2909,normal
22,3,46,37,2909,normal
22,4,49,45,2909,normal
22,5,38,53,2909,normal
22,6,81,35,2909,normal
22,7,62,37,2909,normal
22,8,49,24,2909,normal
22,9,51,37,2909,normal
22,10,38,51,2909,normal
22,11,64,68,2909,normal
22,12,67,46,2909,normal
22,13,29,29,2909,normal
22,14,45,42,2909,normal
22,15,21,28,2909,normal
22,16,67,55,2909,normal
22,17,67,32,2909,normal
22,18,31,40,2909,normal
22,19,77,61,2909,normal
22,20,42,25,2909,normal
22,21,47,66,2909,normal
22,22,45,34,2909,normal
22,23,58,55,2909,normal
22,24,30,19,2909,normal
22,25,36,56,2909,normal
22,26,50,52,2909,normal
22,27,27,81,2909,normal
22,28,70,46,2909,normal
22,29,34,55,2909,normal
22,30,55,52,2909,normal
22,31,52,19,2909,normal
22,32,53,64,2909,normal
22,33,73,42,2909,normal
22,34,34,46,2909,normal
22,35,17,50,2909,normal
22,36,75,56,2909,normal
22,37,44,47,2909,normal
22,38,37,58,2909,normal
22,39,95,36,2909,normal
22,40,36,28,2909,normal
22,41,60,43,2909,normal
22,42,38,40,2909,normal
22,43,51,41,2909,normal
22,44,56,83,2909,normal
22,45,63,78,2909,normal
22,46,54,44,2909,normal
22,47,63,37,2909,normal
22,48,52,54,2909,normal
22,49,60,30,2909,normal
22,50,64,48,2909,normal
22,51,61,44,2909,normal
22,52,38,35,2909,normal
22,53,68,67,2909,normal
22,54,68,41,2909,normal
22,55,37,69,2909,normal
22,56,74,46,2909,normal
22,57,52,40,2909,normal
22,58,36,76,2909,normal
22,59,21,37,2909,normal
22,60,41,47,2909,normal
22,61,70,38,2909,normal
22,62,64,77,2909,normal
22,63,44,58,2909,normal
22,64,41,75,2909,normal
22,65,34,29,2909,normal
22,66,53,45,2909,normal
22,67,49,47,2909,normal
22,68,54,59,2909,normal
22,69,57,33,2909,normal
22,70,49,82,2909,normal
22,71,73,55,2909,normal
22,72,48,46,2909,normal
22,73,92,31,2909,normal
22,74,35,26,2909,normal
22,75,53,43,2909,normal
22,76,29,69,2909,normal
22,77,26,26,2909,normal
22,78,39,56,2909,normal
22,79,31,34,2909,normal
22,80,30,41,2909,normal
22,81,42,44,2909,normal
22,82,61,33,2909,normal
22,83,70,75,2909,normal
22,84,70,11,2909,normal
22,85,58,53,2909,normal
22,86,26,45,2909,normal
22,87,61,62,2909,normal
22,88,45,79,2909,normal
22,89,48,12,2909,normal
22,90,61,37,2909,normal
22,91,43,21,2909,normal
22,92,50,73,2909,normal
22,93,91,22,2909,normal
22,94,60,27,2909,normal
22,95,40,35,2909,normal
22,96,63,34,2909,normal
22,97,77,56,2909,normal
22,98,38,47,2909,normal
22,99,69,63,2909,normal
23,0,9,77,4188,uniform
23,1,56,71,4188,uniform
23,2,42,39,4188,uniform
23,3,62,3,4188,uniform
23,4,68,6,4188,uniform
23,5,61,80,4188,uniform
23,6,81,40,4188,uniform
23,7,35,31,4188,uniform
23,8,55,74,4188,uniform
23,9,99,47,4188,uniform
23,10,50,19,4188,uniform
23,11,7,20,4188,uniform
23,12,78,76,4188,uniform
23,13,37,99,4188,uniform
23,14,85,61,4188,uniform
23,15,87,9,4188,uniform
23,16,96,22,4188,uniform
23,17,49,57,4188,uniform
23,18,48,17,4188,uniform
23,19,36,14,4188,uniform
23,20,39,20,4188,uniform
23,21,91,41,4188,uniform
23,22,12,48,4188,uniform
23,23,85,52,4188,uniform
23,24,78,22,4188,uniform
23,25,60,78,4188,uniform
23,26,18,37,4188,uniform
23,27,2,30,4188,uniform
23,28,91,10,4188,uniform
23,29,71,91,4188,uniform
23,30,85,17,4188,uniform
23,31,67,70,4188,uniform
23,32,68,98,4188,uniform
23,33,12,52,4188,uniform
23,34,63,4,4188,uniform
23,35,63,51,4188,uniform
23,36,67,98,4188,uniform
23,37,76,84,4188,uniform
23,38,35,85,4188,uniform
23,39,10,10,4188,uniform
23,40,1,2,4188,uniform
23,41,42,42,4188,uniform
23,42,33,78,4188,uniform
23,43,99,73,4188,uniform
23,44,22,51,4188,uniform
23,45,18,83,4188,uniform
23,46,7,88,4188,uniform
23,47,20,17,4188,uniform
23,48,6,63,4188,uniform
23,49,37,60,4188,uniform
23,50,14,10,4188,uniform
23,51,22,74,4188,uniform
23,52,98,79,4188,uniform
23,53,3,98,4188,uniform
23,54,30,98,4188,uniform
23,55,23,65,4188,uniform
23,56,37,50,4188,uniform
23,57,35,96,4188,uniform
23,58,84,10,4188,uniform
23,59,15,63,4188,uniform
23,60,52,41,4188,uniform
23,61,6,3,4188,uniform
23,62,28,57,4188,uniform
23,63,43,63,4188,uniform
23,64,16,78,4188,uniform
23,65,42,33,4188,uniform
23,66,63,75,4188,uniform
23,67,60,49,4188,uniform
23,68,20,62,4188,uniform
23,69,62,55,4188,uniform
23,70,93,64,4188,uniform
23,71,9,44,4188,uniform
23,72,1,66,4188,uniform
23,73,98,50,4188,uniform
23,74,47,65,4188,uniform
23,75,57,64,4188,uniform
23,76,22,58,4188,uniform
23,77,88,49,4188,uniform
23,78,81,27,4188,uniform
23,79,58,11,4188,uniform
23,80,70,63,4188,uniform
23,81,40,44,4188,uniform
23,82,62,51,4188,uniform
23,83,81,24,4188,uniform
23,84,51,49,4188,uniform
23,85,29,71,4188,uniform
23,86,9,86,4188,uniform
23,87,22,1,4188,uniform
23,88,51,7,4188,uniform
23,89,99,33,4188,uniform
23,90,64,32,4188,uniform
23,91,9,45,4188,uniform
23,92,73,35,4188,uniform
23,93,79,32,4188,uniform
23,94,54,84,4188,uniform
23,95,92,44,4188,uniform
23,96,29,28,4188,uniform
23,97,16,90,4188,uniform
23,98,35,11,4188,uniform
23,99,30,29,4188,uniform
24,0,90,69,4451,normal
24,1,66,50,4451,normal
24,2,36,81,4451,normal
24,3,66,60,4451,normal
24,4,43,33,4451,normal
24,5,37,51,4451,normal
24,6,43,43,4451,normal
24,7,62,33,4451,normal
24,8,64,37,4451,normal
24,9,41,60,4451,normal
24,10,39,42,4451,normal
24,11,25,58,4451,normal
24,12,45,35,4451,normal
24,13,51,50,4451,normal
24,14,72,52,4451,normal
24,15,72,58,4451,normal
24,16,51,33,4451,normal
24,17,9,71,4451,normal
24,18,50,38,4451,normal
24,19,11,42,4451,normal
24,20,32,67,4451,normal
24,21,39,46,4451,normal
24,22,34,19,4451,normal
24,23,32,79,4451,normal
24,24,54,43,4451,normal
24,25,40,76,4451,normal
24,26,76,84,4451,normal
24,27,62,53,4451,normal
24,28,53,48,4451,normal
24,29,66,67,4451,normal
24,30,27,58,4451,normal
24,31,45,74,4451,normal
24,32,48,56,4451,normal
24,33,40,69,4451,normal
24,34,34,68,4451,normal
24,35,44,50,4451,normal
24,36,55,59,4451,normal
24,37,71,50,4451,normal
24,38,39,50,4451,normal
24,39,70,73,4451,normal
24,40,35,74,4451,normal
24,41,55,41,4451,normal
24,42,29,24,4451,normal
24,43,54,35,4451,normal
24,44,76,52,4451,normal
24,45,2,33,4451,normal
24,46,35,36,4451,normal
24,47,36,32,4451,normal
24,48,39,8,4451,normal
24,49,68,38,4451,normal
24,50,33,62,4451,normal
24,51,45,87,4451,normal
24,52,36,53,4451,normal
24,53,39,64,4451,normal
24,54,29,42,4451,normal
24,55,84,42,4451,normal
24,56,41,48,4451,normal
24,57,55,70,4451,normal
24,58,44,57,4451,normal
24,59,50,57,4451,normal
24,60,64,62,4451,normal
24,61,61,46,4451,normal
24,62,55,25,4451,normal
24,63,68,15,4451,normal
24,64,46,56,4451,normal
24,65,33,42,4451,normal
24,66,51,52,4451,normal
24,67,69,75,4451,normal
24,68,52,82,4451,normal
24,69,61,36,4451,normal
24,70,48,48,4451,normal
24,71,19,79,4451,normal
24,72,23,48,4451,normal
24,73,25,68,4451,normal
24,74,63,50,4451,normal
24,75,70,56,4451,normal
24,76,57,67,4451,normal
24,77,70,50,4451,normal
24,78,32,85,4451,normal
24,79,60,19,4451,normal
24,80,85,62,4451,normal
24,81,61,44,4451,normal
24,82,71,77,4451,normal
24,83,50,73,4451,normal
24,84,27,34,4451,normal
24,85,50,70,4451,normal
24,86,48,50,4451,normal
24,87,39,64,4451,normal
24,88,42,59,4451,normal
24,89,58,66,4451,normal
24,90,60,73,4451,normal
24,91,55,65,4451,normal
24,92,75,8,4451,normal
24,93,64,50,4451,normal
24,94,51,33,4451,normal
24,95,56,35,4451,normal
24,96,31,59,4451,normal
24,97,42,86,4451,normal
24,98,73,23,4451,normal
24,99,37,46,4451,normal
25,0,21,2,4328,exponential
25,1,1,30,4328,exponential
25,2,18,53,4328,exponential
25,3,39,1,4328,exponential
25,4,24,30,4328,exponential
25,5,10,24,4328,exponential
25,6,26,14,4328,exponential
25,7,3,62,4328,exponential
25,8,39,7,4328,exponential
25,9,1,32,4328,exponential
25,10,14,60,4328,exponential
25,11,10,23,4328,exponential
25,12,23,0,4328,exponential
25,13,7,49,4328,exponential
25,14,20,30,4328,exponential
25,15,32,19,4328,exponential
25,16,67,6,4328,exponential
25,17,27,2,4328,exponential
25,18,62,17,4328,exponential
25,19,14,32,4328,exponential
25,20,56,10,4328,exponential
25,21,5,2,4328,exponential
25,22,6,24,4328,exponential
25,23,145,12,4328,exponential
25,24,42,54,4328,exponential
25,25,46,0,4328,exponential
25,26,235,21,4328,exponential
25,27,1,9,4328,exponential
25,28,28,4,4328,exponential
25,29,50,51,4328,exponential
25,30,178,8,4328,exponential
25,31,22,2,4328,exponential
25,32,13,37,4328,exponential
25,33,2,48,4328,exponential
25,34,25,1,4328,exponential
25,35,41,3,4328,exponential
25,36,6,99,4328,exponential
25,37,60,7,4328,exponential
25,38,74,11,4328,exponential
25,39,132,142,4328,exponential
25,40,10,79,4328,exponential
25,41,3,15,4328,exponential
25,42,28,5,4328,exponential
25,43,27,9,4328,exponential
25,44,2,10,4328,exponential
25,45,89,1,4328,exponential
25,46,1,18,4328,exponential
25,47,29,39,4328,exponential
25,48,35,9,4328,exponential
25,49,10,43,4328,exponential
25,50,47,27,4328,exponential
25,51,14,26,4328,exponential
25,52,1,17,4328,exponential
25,53,14,31,4328,exponential
25,54,4,10,4328,exponential
25,55,61,24,4328,exponential
25,56,31,86,4328,exponential
25,57,0,19,4328,exponential
25,58,9,114,4328,exponential
25,59,27,32,4328,exponential
25,60,7,27,4328,exponential
25,61,9,23,4328,exponential
25,62,61,8,4328,exponential
25,63,64,44,4328,exponential
25,64,4,49,4328,exponential
25,65,11,38,4328,exponential
25,66,16,21,4328,exponential
25,67,10,35,4328,exponential
25,68,39,8,4328,exponential
25,69,6,3,4328,exponential
25,70,22,6,4328,exponential
25,71,91,55,4328,exponential
25,72,84,35,4328,exponential
25,73,19,34,4328,exponential
25,74,55,6,4328,exponential
25,75,10,58,4328,exponential
25,76,1,30,4328,exponential
25,77,45,150,4328,exponential
25,78,1,14,4328,exponential
25,79,1,35,4328,exponential
25,80,16,11,4328,exponential
25,81,43,35,4328,exponential
25,82,57,1,4328,exponential
25,83,14,7,4328,exponential
25,84,32,5,4328,exponential
25,85,7,44,4328,exponential
25,86,1,2,4328,exponential
25,87,0,4,4328,exponential
25,88,8,28,4328,exponential
25,89,17,1,4328,exponential
25,90,54,8,4328,exponential
25,91,24,25,4328,exponential
25,92,20,50,4328,exponential
25,93,93,23,4328,exponential
25,94,66,26,4328,exponential
25,95,38,11,4328,exponential
25,96,156,6,4328,exponential
25,97,47,1,4328,exponential
25,98,32,48,4328,exponential
25,99,38,4,4328,exponential
26,0,22,46,4848,exponential
26,1,1,11,4848,exponential
26,2,142,26,4848,exponential
26,3,27,128,4848,exponential
26,4,34,97,4848,exponential
26,5,4,17,4848,exponential
26,6,5,6,4848,exponential
26,7,0,2,4848,exponential
26,8,25,25,4848,exponential
26,9,19,11,4848,exponential
26,10,86,12,4848,exponential
26,11,10,1,4848,exponential
26,12,7,97,4848,exponential
26,13,5,14,4848,exponential
26,14,3,30,4848,exponential
26,15,43,66,4848,exponential
26,16,42,0,4848,exponential
26,17,59,10,4848,exponential
26,18,17,33,4848,exponential
26,19,22,3,4848,exponential
26,20,3,3,4848,exponential
26,21,31,14,4848,exponential
26,22,13,12,4848,exponential
26,23,41,72,4848,exponential
26,24,11,31,4848,exponential
26,25,2,22,4848,exponential
26,26,35,6,4848,exponential
26,27,67,13,4848,exponential
26,28,19,19,4848,exponential
26,29,13,39,4848,exponential
26,30,2,24,4848,exponential
26,31,9,57,4848,exponential
26,32,2,63,4848,exponential
26,33,14,4,4848,exponential
26,34,17,61,4848,exponential
26,35,12,39,4848,exponential
26,36,69,42,4848,exponential
26,37,2,19,4848,exponential
26,38,6,21,4848,exponential
26,39,17,54,4848,exponential
26,40,43,20,4848,exponential
26,41,36,28,4848,exponential
26,42,45,1,4848,exponential
26,43,138,24,4848,exponential
26,44,33,3,4848,exponential
26,45,8,66,4848,exponential
26,46,80,3,4848,exponential
26,47,16,27,4848,exponential
26,48,6,74,4848,exponential
26,49,15,20,4848,exponential
26,50,33,31,4848,exponential
26,51,14,56,4848,exponential
26,52,3,3,4848,exponential
26,53,47,40,4848,exponential
26,54,10,96,4848,exponential
26,55,59,7,4848,exponential
26,56,22,79,4848,exponential
26,57,2,14,4848,exponential
26,58,25,91,4848,exponential
26,59,15,27,4848,exponential
26,60,0,5,4848,exponential
26,61,47,55,4848,exponential
26,62,30,143,4848,exponential
26,63,20,21,4848,exponential
26,64,2,86,4848,exponential
26,65,13,7,4848,exponential
26,66,15,25,4848,exponential
26,67,28,73,4848,exponential
26,68,16,96,4848,exponential
26,69,44,3,4848,exponential
26,70,11,15,4848,exponential
26,71,18,44,4848,exponential
26,72,15,32,4848,exponential
26,73,69,25,4848,exponential
26,74,54,31,4848,exponential
26,75,16,54,4848,exponential
26,76,19,3,4848,exponential
26,77,98,13,4848,exponential
26,78,46,3,4848,exponential
26,79,3,53,4848,exponential
26,80,95,54,4848,exponential
26,81,0,53,4848,exponential
26,82,56,4,4848,exponential
26,83,5,110,4848,exponential
26,84,11,18,4848,exponential
26,85,9,79,4848,exponential
26,86,7,40,4848,exponential
26,87,13,40,4848,exponential
26,88,11,37,4848,exponential
26,89,0,9,4848,exponential
26,90,0,83,4848,exponential
26,91,62,53,4848,exponential
26,92,28,178,4848,exponential
26,93,53,55,4848,exponential
26,94,4,4,4848,exponential
26,95,36,38,4848,exponential
26,96,10,5,4848,exponential
26,97,62,124,4848,exponential
26,98,12,27,4848,exponential
26,99,111,37,4848,exponential
27,0,60,46,4725,uniform
27,1,55,2,4725,uniform
27,2,96,19,4725,uniform
27,3,6,6,4725,uniform
27,4,82,20,4725,uniform
27,5,19,38,4725,uniform
27,6,48,89,4725,uniform
27,7,59,90,4725,uniform
27,8,32,89,4725,uniform
27,9,7,5,4725,uniform
27,10,52,47,4725,uniform
27,11,83,64,4725,uniform
27,12,67,92,4725,uniform
27,13,57,14,4725,uniform
27,14,40,51,4725,uniform
27,15,58,30,4725,uniform
27,16,45,61,4725,uniform
27,17,21,84,4725,uniform
27,18,72,7,4725,uniform
27,19,94,48,4725,uniform
27,20,70,64,4725,uniform
27,21,15,49,4725,uniform
27,22,37,50,4725,uniform
27,23,30,79,4725,uniform
27,24,89,80,4725,uniform
27,25,1,80,4725,uniform
27,26,81,39,4725,uniform
27,27,83,98,4725,uniform
27,28,19,6,4725,uniform
27,29,72,87,4725,uniform
27,30,39,27,4725,uniform
27,31,3,56,4725,uniform
27,32,94,68,4725,uniform
27,33,71,63,4725,uniform
27,34,70,15,4725,uniform
27,35,76,14,4725,uniform
27,36,58,67,4725,uniform
27,37,99,40,4725,uniform
27,38,66,39,4725,uniform
27,39,6,81,4725,uniform
27,40,74,34,4725,uniform
27,41,13,98,4725,uniform
27,42,11,86,4725,uniform
27,43,63,4,4725,uniform
27,44,67,91,4725,uniform
27,45,80,3,4725,uniform
27,46,80,77,4725,uniform
27,47,83,91,4725,uniform
27,48,96,39,4725,uniform
27,49,78,24,4725,uniform
27,50,46,8,4725,uniform
27,51,19,38,4725,uniform
27,52,49,34,4725,uniform
27,53,89,1,4725,uniform
27,54,93,94,4725,uniform
27,55,86,39,4725,uniform
27,56,46,62,4725,uniform
27,57,48,69,4725,uniform
27,58,47,54,4725,uniform
27,59,47,29,4725,uniform
27,60,96,64,4725,uniform
27,61,22,46,4725,uniform
27,62,86,44,4725,uniform
27,63,93,98,4725,uniform
27,64,25,43,4725,uniform
27,65,37,65,4725,uniform
27,66,33,96,4725,uniform
27,67,72,48,4725,uniform
27,68,17,5,4725,uniform
27,69,91,35,4725,uniform
27,70,57,40,4725,uniform
27,71,41,49,4725,uniform
27,72,9,58,4725,uniform
27,73,39,37,4725,uniform
27,74,72,53,4725,uniform
27,75,25,91,4725,uniform
27,76,11,13,4725,uniform
27,77,74,27,4725,uniform
27,78,66,29,4725,uniform
27,79,50,86,4725,uniform
27,80,35,67,4725,uniform
27,81,47,75,4725,uniform
27,82,30,97,4725,uniform
27,83,24,4,4725,uniform
27,84,58,93,4725,uniform
27,85,29,40,4725,uniform
27,86,22,54,4725,uniform
27,87,55,18,4725,uniform
27,88,92,52,4725,uniform
27,89,41,17,4725,uniform
27,90,58,45,4725,uniform
27,91,95,76,4725,uniform
27,92,2,72,4725,uniform
27,93,1,61,4725,uniform
27,94,23,85,4725,uniform
27,95,33,38,4725,uniform
27,96,43,30,4725,uniform
27,97,42,55,4725,uniform
27,98,34,15,4725,uniform
27,99,82,39,4725,uniform
28,0,69,55,4552,normal
28,1,38,54,4552,normal
28,2,62,62,4552,normal
28,3,29,65,4552,normal
28,4,57,36,4552,normal
28,5,61,27,4552,normal
28,6,62,69,4552,normal
28,7,54,66,4552,normal
28,8,68,55,4552,normal
28,9,68,53,4552,normal
28,10,45,49,4552,normal
28,11,46,42,4552,normal
28,12,43,0,4552,normal
28,13,62,55,4552,normal
28,14,29,60,4552,normal
28,15,56,45,4552,normal
28,16,37,43,4552,normal
28,17,64,77,4552,normal
28,18,59,60,4552,normal
28,19,25,38,4552,normal
28,20,44,71,4552,normal
28,21,43,19,4552,normal
28,22,34,42,4552,normal
28,23,55,46,4552,normal
28,24,50,75,4552,normal
28,25,50,45,4552,normal
28,26,31,49,4552,normal
28,27,43,49,4552,normal
28,28,49,71,4552,normal
28,29,61,61,4552,normal
28,30,44,70,4552,normal
28,31,41,47,4552,normal
28,32,67,33,4552,normal
28,33,41,41,4552,normal
28,34,23,58,4552,normal
28,35,4,66,4552,normal
28,36,34,80,4552,normal
28,37,53,32,4552,normal
28,38,40,67,4552,normal
28,39,54,54,4552,normal
28,40,85,46,4552,normal
28,41,24,19,4552,normal
28,42,38,51,4552,normal
28,43,74,62,4552,normal
28,44,38,35,4552,normal
28,45,50,50,4552,normal
28,46,39,32,4552,normal
28,47,61,34,4552,normal
28,48,39,63,4552,normal
28,49,53,27,4552,normal
28,50,80,22,4552,normal
28,51,58,47,4552,normal
28,52,68,44,4552,normal
28,53,64,55,4552,normal
28,54,60,27,4552,normal
28,55,47,28,4552,normal
28,56,48,51,4552,normal
28,57,45,52,4552,normal
28,58,67,79,4552,normal
28,59,47,62,4552,normal
28,60,42,57,4552,normal
28,61,19,61,4552,normal
28,62,60,41,4552,normal
28,63,56,46,4552,normal
28,64,47,38,4552,normal
28,65,59,58,4552,normal
28,66,74,32,4552,normal
28,67,51,56,4552,normal
28,68,46,20,4552,normal
28,69,43,57,4552,normal
28,70,44,36,4552,normal
28,71,62,67,4552,normal
28,72,57,62,4552,normal
28,73,56,33,4552,normal
28,74,53,57,4552,normal
28,75,71,66,4552,normal
28,76,54,65,4552,normal
28,77,43,38,4552,normal
28,78,49,65,4552,normal
28,79,42,18,4552,normal
28,80,50,36,4552,normal
28,81,46,25,4552,normal
28,82,47,45,4552,normal
28,83,61,68,4552,normal
28,84,44,51,4552,normal
28,85,42,27,4552,normal
28,86,54,40,4552,normal
28,87,70,56,4552,normal
28,88,96,81,4552,normal
28,89,67,86,4552,normal
28,90,94,57,4552,normal
28,91,44,55,4552,normal
28,92,60,53,4552,normal
28,93,12,65,4552,normal
28,94,53,61,4552,normal
28,95,33,48,4552,normal
28,96,63,40,4552,normal
28,97,33,58,4552,normal
28,98,52,61,4552,normal
28,99,55,70,4552,normal
29,0,50,44,4581,normal
29,1,31,51,4581,normal
29,2,22,49,4581,normal
29,3,44,63,4581,normal
29,4,41,35,4581,normal
29,5,57,55,4581,normal
29,6,57,20,4581,normal
29,7,100,49,4581,normal
29,8,64,34,4581,normal
29,9,40,40,4581,normal
29,10,24,34,4581,normal
29,11,15,21,4581,normal
29,12,40,57,4581,normal
29,13,36,45,4581,normal
29,14,34,56,4581,normal
29,15,32,84,4581,normal
29,16,60,85,4581,normal
29,17,52,47,4581,normal
29,18,48,63,4581,normal
29,19,67,98,4581,normal
29,20,74,59,4581,normal
29,21,29,46,4581,normal
29,22,43,25,4581,normal
29,23,47,56,4581,normal
29,24,50,28,4581,normal
29,25,29,33,4581,normal
29,26,40,36,4581,normal
29,27,41,80,4581,normal
29,28,43,66,4581,normal
29,29,63,50,4581,normal
29,30,66,72,4581,normal
29,31,65,49,4581,normal
29,32,78,43,4581,normal
29,33,42,42,4581,normal
29,34,47,55,4581,normal
29,35,81,21,4581,normal
29,36,8,18,4581,normal
29,37,41,47,4581,normal
29,38,28,63,4581,normal
29,39,48,53,4581,normal
29,40,35,57,4581,normal
29,41,86,45,4581,normal
29,42,47,44,4581,normal
29,43,41,35,4581,normal
29,44,39,40,4581,normal
29,45,52,18,4581,normal
29,46,47,101,4581,normal
29,47,58,50,4581,normal
29,48,42,44,4581,normal
29,49,32,37,4581,normal
29,50,75,96,4581,normal
29,51,51,73,4581,normal
29,52,28,72,4581,normal
29,53,40,26,4581,normal
29,54,50,76,4581,normal
29,55,23,29,4581,normal
29,56,30,69,4581,normal
29,57,57,34,4581,normal
29,58,31,60,4581,normal
29,59,0,52,4581,normal
29,60,39,68,4581,normal
29,61,64,39,4581,normal
29,62,21,62,4581,normal
29,63,23,61,4581,normal
29,64,38,55,4581,normal
29,65,23,57,4581,normal
29,66,34,75,4581,normal
29,67,52,61,4581,normal
29,68,71,36,4581,normal
29,69,46,50,4581,normal
29,70,8,61,4581,normal
29,71,36,56,4581,normal
29,72,34,50,4581,normal
29,73,25,27,4581,normal
29,74,56,32,4581,normal
29,75,56,57,4581,normal
29,76,29,59,4581,normal
29,77,59,58,4581,normal
29,78,27,17,4581,normal
29,79,35,12,4581,normal
29,80,29,58,4581,normal
29,81,50,75,4581,normal
29,82,30,47,4581,normal
29,83,62,80,4581,normal
29,84,44,86,4581,normal
29,85,84,24,4581,normal
29,86,68,34,4581,normal
29,87,57,54,4581,normal
29,88,54,54,4581,normal
29,89,59,73,4581,normal
29,90,44,14,4581,normal
29,91,35,63,4581,normal
29,92,41,50,4581,normal
29,93,84,60,4581,normal
29,94,38,48,4581,normal
29,95,64,29,4581,normal
29,96,35,30,4581,normal
29,97,36,69,4581,normal
29,98,46,16,4581,normal
29,99,17,60,4581,normal
30,0,22,65,4284,exponential
30,1,8,22,4284,exponential
30,2,73,43,4284,exponential
30,3,52,43,4284,exponential
30,4,69,69,4284,exponential
30,5,18,37,4284,exponential
30,6,1,4,4284,exponential
30,7,89,4,4284,exponential
30,8,14,16,4284,exponential
30,9,87,35,4284,exponential
30,10,0,25,4284,exponential
30,11,25,5,4284,exponential
30,12,28,35,4284,exponential
30,13,23,12,4284,exponential
30,14,4,29,4284,exponential
30,15,84,48,4284,exponential
30,16,59,44,4284,exponential
30,17,3,19,4284,exponential
30,18,15,4,4284,exponential
30,19,21,40,4284,exponential
30,20,35,86,4284,exponential
30,21,43,12,4284,exponential
30,22,6,7,4284,exponential
30,23,4,1,4284,exponential
30,24,8,37,4284,exponential
30,25,25,15,4284,exponential
30,26,3,110,4284,exponential
30,27,0,0,4284,exponential
30,28,33,119,4284,exponential
30,29,22,6,4284,exponential
30,30,45,0,4284,exponential
30,31,4,10,4284,exponential
30,32,33,18,4284,exponential
30,33,6,114,4284,exponential
30,34,34,24,4284,exponential
30,35,17,13,4284,exponential
30,36,21,12,4284,exponential
30,37,19,25,4284,exponential
30,38,2,3,4284,exponential
30,39,38,16,4284,exponential
30,40,28,28,4284,exponential
30,41,76,50,4284,exponential
30,42,122,42,4284,exponential
30,43,4,88,4284,exponential
30,44,86,0,4284,exponential
30,45,7,27,4284,exponential
30,46,0,93,4284,exponential
30,47,24,7,4284,exponential
30,48,0,30,4284,exponential
30,49,58,35,4284,exponential
30,50,15,53,4284,exponential
30,51,23,25,4284,exponential
30,52,3,8,4284,exponential
30,53,36,24,4284,exponential
30,54,90,4,4284,exponential
30,55,6,4,4284,exponential
30,56,30,7,4284,exponential
30,57,17,88,4284,exponential
30,58,56,23,4284,exponential
30,59,30,11,4284,exponential
30,60,2,8,4284,exponential
30,61,31,272,4284,exponential
30,62,16,89,4284,exponential
30,63,8,10,4284,exponential
30,64,12,60,4284,exponential
30,65,6,88,4284,exponential
30,66,22,67,4284,exponential
30,67,2,5,4284,exponential
30,68,22,2,4284,exponential
30,69,71,26,4284,exponential
30,70,13,32,4284,exponential
30,71,0,21,4284,exponential
30,72,25,32,4284,exponential
30,73,57,36,4284,exponential
30,74,38,39,4284,exponential
30,75,6,128,4284,exponential
30,76,13,42,4284,exponential
30,77,11,11,4284,exponential
30,78,12,23,4284,exponential
30,79,11,52,4284,exponential
30,80,97,83,4284,exponential
30,81,49,8,4284,exponential
30,82,49,0,4284,exponential
30,83,17,12,4284,exponential
30,84,17,11,4284,exponential
30,85,57,39,4284,exponential
30,86,30,32,4284,exponential
30,87,31,6,4284,exponential
30,88,6,82,4284,exponential
30,89,11,21,4284,exponential
30,90,24,0,4284,exponential
30,91,6,10,4284,exponential
30,92,29,20,4284,exponential
30,93,12,14,4284,exponential
30,94,7,11,4284,exponential
30,95,11,40,4284,exponential
30,96,23,24,4284,exponential
30,97,7,45,4284,exponential
30,98,142,13,4284,exponential
30,99,8,39,4284,exponential
31,0,54,25,4356,normal
31,1,58,55,4356,normal
31,2,48,59,4356,normal
31,3,74,67,4356,normal
31,4,36,52,4356,normal
31,5,59,48,4356,normal
31,6,60,68,4356,normal
31,7,43,56,4356,normal
31,8,45,81,4356,normal
31,9,22,34,4356,normal
31,10,49,52,4356,normal
31,11,50,59,4356,normal
31,12,27,38,4356,normal
31,13,75,37,4356,normal
31,14,35,53,4356,normal
31,15,15,43,4356,normal
31,16,48,50,4356,normal
31,17,37,48,4356,normal
31,18,55,57,4356,normal
31,19,61,30,4356,normal
31,20,50,42,4356,normal
31,21,21,97,4356,normal
31,22,45,34,4356,normal
31,23,58,69,4356,normal
31,24,48,50,4356,normal
31,25,68,57,4356,normal
31,26,23,73,4356,normal
31,27,43,30,4356,normal
31,28,51,77,4356,normal
31,29,35,38,4356,normal
31,30,46,42,4356,normal
31,31,44,71,4356,normal
31,32,24,55,4356,normal
31,33,67,40,4356,normal
31,34,44,29,4356,normal
31,35,27,63,4356,normal
31,36,66,29,4356,normal
31,37,44,61,4356,normal
31,38,66,61,4356,normal
31,39,28,42,4356,normal
31,40,29,65,4356,normal
31,41,61,48,4356,normal
31,42,67,25,4356,normal
31,43,52,59,4356,normal
31,44,30,32,4356,normal
31,45,46,33,4356,normal
31,46,52,48,4356,normal
31,47,78,24,4356,normal
31,48,66,52,4356,normal
31,49,59,45,4356,normal
31,50,56,31,4356,normal
31,51,50,29,4356,normal
31,52,36,38,4356,normal
31,53,49,66,4356,normal
31,54,45,53,4356,normal
31,55,54,38,4356,normal
31,56,68,37,4356,normal
31,57,50,22,4356,normal
31,58,68,43,4356,normal
31,59,56,55,4356,normal
31,60,35,47,4356,normal
31,61,45,35,4356,normal
31,62,36,37,4356,normal
31,63,49,49,4356,normal
31,64,60,41,4356,normal
31,65,36,26,4356,normal
31,66,91,38,4356,normal
31,67,21,58,4356,normal
31,68,59,56,4356,normal
31,69,6,26,4356,normal
31,70,47,27,4356,normal
31,71,40,55,4356,normal
31,72,55,60,4356,normal
31,73,49,40,4356,normal
31,74,57,44,4356,normal
31,75,45,9,4356,normal
31,76,61,21,4356,normal
31,77,9,66,4356,normal
31,78,49,16,4356,normal
31,79,44,9,4356,normal
31,80,42,34,4356,normal
31,81,48,37,4356,normal
31,82,69,28,4356,normal
31,83,48,82,4356,normal
31,84,46,30,4356,normal
31,85,72,43,4356,normal
31,86,58,49,4356,normal
31,87,55,52,4356,normal
31,88,1,58,4356,normal
31,89,27,64,4356,normal
31,90,70,42,4356,normal
31,91,72,37,4356,normal
31,92,79,16,4356,normal
31,93,59,58,4356,normal
31,94,54,10,4356,normal
31,95,40,54,4356,normal
31,96,35,56,4356,normal
31,97,41,59,4356,normal
31,98,60,25,4356,normal
31,99,60,32,4356,normal
32,0,43,79,4835,uniform
32,1,62,61,4835,uniform
32,2,91,53,4835,uniform
32,3,67,54,4835,uniform
32,4,97,29,4835,uniform
32,5,65,31,4835,uniform
32,6,77,79,4835,uniform
32,7,52,59,4835,uniform
32,8,38,32,4835,uniform
32,9,78,33,4835,uniform
32,10,61,16,4835,uniform
32,11,66,47,4835,uniform
32,12,1,73,4835,uniform
32,13,6,86,4835,uniform
32,14,41,34,4835,uniform
32,15,17,93,4835,uniform
32,16,85,90,4835,uniform
32,17,77,38,4835,uniform
32,18,28,54,4835,uniform
32,19,94,28,4835,uniform
32,20,23,77,4835,uniform
32,21,32,28,4835,uniform
32,22,11,82,4835,uniform
32,23,10,21,4835,uniform
32,24,42,43,4835,uniform
32,25,41,53,4835,uniform
32,26,42,11,4835,uniform
32,27,19,21,4835,uniform
32,28,9,91,4835,uniform
32,29,42,71,4835,uniform
32,30,58,9,4835,uniform
32,31,8,55,4835,uniform
32,32,93,92,4835,uniform
32,33,69,5,4835,uniform
32,34,27,28,4835,uniform
32,35,54,95,4835,uniform
32,36,43,28,4835,uniform
32,37,82,3,4835,uniform
32,38,8,23,4835,uniform
32,39,66,71,4835,uniform
32,40,19,66,4835,uniform
32,41,70,83,4835,uniform
32,42,6,74,4835,uniform
32,43,19,3,4835,uniform
32,44,82,32,4835,uniform
32,45,59,53,4835,uniform
32,46,22,32,4835,uniform
32,47,18,40,4835,uniform
32,48,36,26,4835,uniform
32,49,35,63,4835,uniform
32,50,89,90,4835,uniform
32,51,29,19,4835,uniform
32,52,72,85,4835,uniform
32,53,5,4,4835,uniform
32,54,70,56,4835,uniform
32,55,56,38,4835,uniform
32,56,62,18,4835,uniform
32,57,2,70,4835,uniform
32,58,52,75,4835,uniform
32,59,6,93,4835,uniform
32,60,82,32,4835,uniform
32,61,81,18,4835,uniform
32,62,34,72,4835,uniform
32,63,7,68,4835,uniform
32,64,67,27,4835,uniform
32,65,6,16,4835,uniform
32,66,87,8,4835,uniform
32,67,50,16,4835,uniform
32,68,27,29,4835,uniform
32,69,85,27,4835,uniform
32,70,70,55,4835,uniform
32,71,25,84,4835,uniform
32,72,8,25,4835,uniform
32,73,34,75,4835,uniform
32,74,73,77,4835,uniform
32,75,26,91,4835,uniform
32,76,67,79,4835,uniform
32,77,59,13,4835,uniform
32,78,11,33,4835,uniform
32,79,22,40,4835,uniform
32,80,82,84,4835,uniform
32,81,6,85,4835,uniform
32,82,75,15,4835,uniform
32,83,76,7,4835,uniform
32,84,6,87,4835,uniform
32,85,21,88,4835,uniform
32,86,2,87,4835,uniform
32,87,81,37,4835,uniform
32,88,6,22,4835,uniform
32,89,46,14,4835,uniform
32,90,37,61,4835,uniform
32,91,55,87,4835,uniform
32,92,35,93,4835,uniform
32,93,67,55,4835,uniform
32,94,47,34,4835,uniform
32,95,99,7,4835,uniform
32,96,18,13,4835,uniform
32,97,18,7,4835,uniform
32,98,38,74,4835,uniform
32,99,38,19,4835,uniform
33,0,7,8,4677,exponential
33,1,100,5,4677,exponential
33,2,3,2,4677,exponential
33,3,14,39,4677,exponential
33,4,51,65,4677,exponential
33,5,25,90,4677,exponential
33,6,43,21,4677,exponential
33,7,43,0,4677,exponential
33,8,126,25,4677,exponential
33,9,70,26,4677,exponential
33,10,53,29,4677,exponential
33,11,32,4,4677,exponential
33,12,17,13,4677,exponential
33,13,8,14,4677,exponential
33,14,11,11,4677,exponential
33,15,1,27,4677,exponential
33,16,25,27,4677,exponential
33,17,38,4,4677,exponential
33,18,28,24,4677,exponential
33,19,14,27,4677,exponential
33,20,57,0,4677,exponential
33,21,99,18,4677,exponential
33,22,84,22,4677,exponential
33,23,3,52,4677,exponential
33,24,13,1,4677,exponential
33,25,6,88,4677,exponential
33,26,29,4,4677,exponential
33,27,41,0,4677,exponential
33,28,5,6,4677,exponential
33,29,62,10,4677,exponential
33,30,42,23,4677,exponential
33,31,26,30,4677,exponential
33,32,107,39,4677,exponential
33,33,84,63,4677,exponential
33,34,14,31,4677,exponential
33,35,60,1,4677,exponential
33,36,3,57,4677,exponential
33,37,4,26,4677,exponential
33,38,77,3,4677,exponential
33,39,3,49,4677,exponential
33,40,5,14,4677,exponential
33,41,82,18,4677,exponential
33,42,4,32,4677,exponential
33,43,109,48,4677,exponential
33,44,32,12,4677,exponential
33,45,10,39,4677,exponential
33,46,81,25,4677,exponential
33,47,16,35,4677,exponential
33,48,24,49,4677,exponential
33,49,42,49,4677,exponential
33,50,26,36,4677,exponential
33,51,4,52,4677,exponential
33,52,34,2,4677,exponential
33,53,42,3,4677,exponential
33,54,15,20,4677,exponential
33,55,29,76,4677,exponential
33,56,26,65,4677,exponential
33,57,11,21,4677,exponential
33,58,17,60,4677,exponential
33,59,100,17,4677,exponential
33,60,5,61,4677,exponential
33,61,14,25,4677,exponential
33,62,40,37,4677,exponential
33,63,14,60,4677,exponential
33,64,1,56,4677,exponential
33,65,14,118,4677,exponential
33,66,5,55,4677,exponential
33,67,19,59,4677,exponential
33,68,3,6,4677,exponential
33,69,33,12,4677,exponential
33,70,26,80,4677,exponential
33,71,42,11,4677,exponential
33,72,9,13,4677,exponential
33,73,58,34,4677,exponential
33,74,18,7,4677,exponential
33,75,26,12,4677,exponential
33,76,6,29,4677,exponential
33,77,2,24,4677,exponential
33,78,107,45,4677,exponential
33,79,6,46,4677,exponential
33,80,5,10,4677,exponential
33,81,113,77,4677,exponential
33,82,27,1,4677,exponential
33,83,33,129,4677,exponential
33,84,14,20,4677,exponential
33,85,4,41,4677,exponential
33,86,93,10,4677,exponential
33,87,5,80,4677,exponential
33,88,80,54,4677,exponential
33,89,10,12,4677,exponential
33,90,89,9,4677,exponential
33,91,15,47,4677,exponential
33,92,48,22,4677,exponential
33,93,116,36,4677,exponential
33,94,43,42,4677,exponential
33,95,30,24,4677,exponential
33,96,5,129,4677,exponential
33,97,16,55,4677,exponential
33,98,5,4,4677,exponential
33,99,80,5,4677,exponential
34,0,67,62,3537,normal
34,1,29,60,3537,normal
34,2,48,33,3537,normal
34,3,29,56,3537,normal
34,4,71,97,3537,normal
34,5,20,32,3537,normal
34,6,41,73,3537,normal
34,7,81,58,3537,normal
34,8,37,13,3537,normal
34,9,50,21,3537,normal
34,10,74,26,3537,normal
34,11,46,51,3537,normal
34,12,38,47,3537,normal
34,13,55,83,3537,normal
34,14,29,27,3537,normal
34,15,44,25,3537,normal
34,16,47,33,3537,normal
34,17,40,49,3537,normal
34,18,51,51,3537,normal
34,19,17,30,3537,normal
34,20,54,73,3537,normal
34,21,54,45,3537,normal
34,22,75,41,3537,normal
34,23,84,48,3537,normal
34,24,39,41,3537,normal
34,25,43,53,3537,normal
34,26,27,35,3537,normal
34,27,89,42,3537,normal
34,28,55,59,3537,normal
34,29,35,51,3537,normal
34,30,69,64,3537,normal
34,31,48,47,3537,normal
34,32,60,74,3537,normal
34,33,44,39,3537,normal
34,34,44,37,3537,normal
34,35,47,24,3537,normal
34,36,58,62,3537,normal
34,37,32,52,3537,normal
34,38,42,89,3537,normal
34,39,55,41,3537,normal
34,40,48,36,3537,normal
34,41,71,32,3537,normal
34,42,45,38,3537,normal
34,43,79,55,3537,normal
34,44,43,79,3537,normal
34,45,54,53,3537,normal
34,46,25,63,3537,normal
34,47,37,39,3537,normal
34,48,67,67,3537,normal
34,49,64,53,3537,normal
34,50,61,58,3537,normal
34,51,55,4,3537,normal
34,52,68,76,3537,normal
34,53,68,19,3537,normal
34,54,29,35,3537,normal
34,55,60,77,3537,normal
34,56,23,71,3537,normal
34,57,55,54,3537,normal
34,58,52,29,3537,normal
34,59,55,51,3537,normal
34,60,26,67,3537,normal
34,61,53,67,3537,normal
34,62,79,84,3537,normal
34,63,79,73,3537,normal
34,64,45,51,3537,normal
34,65,88,37,3537,normal
34,66,56,51,3537,normal
34,67,68,65,3537,normal
34,68,38,38,3537,normal
34,69,46,80,3537,normal
34,70,52,53,3537,normal
34,71,63,62,3537,normal
34,72,64,45,3537,normal
34,73,33,38,3537,normal
34,74,57,50,3537,normal
34,75,24,25,3537,normal
34,76,55,76,3537,normal
34,77,28,52,3537,normal
34,78,66,21,3537,normal
34,79,54,46,3537,normal
34,80,72,13,3537,normal
34,81,50,43,3537,normal
34,82,38,60,3537,normal
34,83,75,76,3537,normal
34,84,76,54,3537,normal
34,85,37,71,3537,normal
34,86,32,61,3537,normal
34,87,77,70,3537,normal
34,88,34,61,3537,normal
34,89,40,60,3537,normal
34,90,64,59,3537,normal
34,91,35,36,3537,normal
34,92,65,59,3537,normal
34,93,44,49,3537,normal
34,94,56,43,3537,normal
34,95,59,40,3537,normal
34,96,71,54,3537,normal
34,97,39,42,3537,normal
34,98,58,41,3537,normal
34,99,38,68,3537,normal
35,0,17,8,4050,exponential
35,1,9,31,4050,exponential
35,2,10,15,4050,exponential
35,3,9,28,4050,exponential
35,4,124,26,4050,exponential
35,5,87,11,4050,exponential
35,6,77,126,4050,exponential
35,7,101,41,4050,exponential
35,8,5,11,4050,exponential
35,9,6,10,4050,exponential
35,10,22,4,4050,exponential
35,11,59,60,4050,exponential
35,12,49,4,4050,exponential
35,13,41,40,4050,exponential
35,14,81,56,4050,exponential
35,15,23,67,4050,exponential
35,16,3,164,4050,exponential
35,17,133,36,4050,exponential
35,18,44,60,4050,exponential
35,19,29,36,4050,exponential
35,20,5,4,4050,exponential
35,21,0,24,4050,exponential
35,22,80,47,4050,exponential
35,23,84,4,4050,exponential
35,24,24,2,4050,exponential
35,25,22,70,4050,exponential
35,26,2,32,4050,exponential
35,27,19,11,4050,exponential
35,28,57,29,4050,exponential
35,29,10,11,4050,exponential
35,30,16,2,4050,exponential
35,31,19,51,4050,exponential
35,32,40,35,4050,exponential
35,33,2,4,4050,exponential
35,34,51,56,4050,exponential
35,35,17,61,4050,exponential
35,36,42,10,4050,exponential
35,37,82,58,4050,exponential
35,38,41,39,4050,exponential
35,39,2,14,4050,exponential
35,40,69,10,4050,exponential
35,41,9,251,4050,exponential
35,42,8,30,4050,exponential
35,43,133,4,4050,exponential
35,44,36,29,4050,exponential
35,45,15,28,4050,exponential
35,46,1,3,4050,exponential
35,47,11,20,4050,exponential
35,48,25,0,4050,exponential
35,49,43,26,4050,exponential
35,50,8,1,4050,exponential
35,51,53,10,4050,exponential
35,52,25,84,4050,exponential
35,53,12,16,4050,exponential
35,54,10,5,4050,exponential
35,55,47,9,4050,exponential
35,56,33,7,4050,exponential
35,57,34,17,4050,exponential
35,58,39,13,4050,exponential
35,59,13,42,4050,exponential
35,60,33,22,4050,exponential
35,61,3,11,4050,exponential
35,62,146,6,4050,exponential
35,63,11,0,4050,exponential
35,64,198,65,4050,exponential
35,65,1,66,4050,exponential
35,66,6,72,4050,exponential
35,67,27,6,4050,exponential
35,68,30,0,4050,exponential
35,69,6,47,4050,exponential
35,70,50,6,4050,exponential
35,71,35,26,4050,exponential
35,72,44,6,4050,exponential
35,73,18,37,4050,exponential
35,74,24,39,4050,exponential
35,75,50,17,4050,exponential
35,76,19,17,4050,exponential
35,77,27,11,4050,exponential
35,78,0,2,4050,exponential
35,79,14,11,4050,exponential
35,80,19,8,4050,exponential
35,81,6,21,4050,exponential
35,82,15,11,4050,exponential
35,83,77,7,4050,exponential
35,84,29,63,4050,exponential
35,85,57,4,4050,exponential
35,86,22,5,4050,exponential
35,87,46,43,4050,exponential
35,88,105,16,4050,exponential
35,89,123,54,4050,exponential
35,90,5,14,4050,exponential
35,91,47,27,4050,exponential
35,92,2,3,4050,exponential
35,93,58,35,4050,exponential
35,94,31,46,4050,exponential
35,95,34,12,4050,exponential
35,96,36,12,4050,exponential
35,97,59,71,4050,exponential
35,98,5,3,4050,exponential
35,99,48,51,4050,exponential
36,0,7,55,4532,exponential
36,1,15,21,4532,exponential
36,2,83,23,4532,exponential
36,3,13,63,4532,exponential
36,4,41,6,4532,exponential
36,5,10,16,4532,exponential
36,6,9,28,4532,exponential
36,7,26,74,4532,exponential
36,8,20,34,4532,exponential
36,9,24,59,4532,exponential
36,10,89,21,4532,exponential
36,11,85,35,4532,exponential
36,12,27,39,4532,exponential
36,13,9,15,4532,exponential
36,14,4,13,4532,exponential
36,15,5,39,4532,exponential
36,16,12,2,4532,exponential
36,17,6,2,4532,exponential
36,18,70,7,4532,exponential
36,19,24,17,4532,exponential
36,20,10,95,4532,exponential
36,21,48,72,4532,exponential
36,22,82,23,4532,exponential
36,23,103,1,4532,exponential
36,24,65,59,4532,exponential
36,25,120,17,4532,exponential
36,26,28,18,4532,exponential
36,27,15,148,4532,exponential
36,28,20,17,4532,exponential
36,29,39,41,4532,exponential
36,30,95,7,4532,exponential
36,31,116,13,4532,exponential
36,32,0,0,4532,exponential
36,33,48,0,4532,exponential
36,34,16,9,4532,exponential
36,35,11,3,4532,exponential
36,36,29,5,4532,exponential
36,37,5,0,4532,exponential
36,38,3,39,4532,exponential
36,39,14,29,4532,exponential
36,40,66,2,4532,exponential
36,41,104,37,4532,exponential
36,42,71,35,4532,exponential
36,43,14,62,4532,exponential
36,44,59,4,4532,exponential
36,45,5,16,4532,exponential
36,46,13,27,4532,exponential
36,47,104,60,4532,exponential
36,48,83,21,4532,exponential
36,49,14,3,4532,exponential
36,50,43,21,4532,exponential
36,51,55,50,4532,exponential
36,52,19,46,4532,exponential
36,53,29,53,4532,exponential
36,54,4,25,4532,exponential
36,55,9,33,4532,exponential
36,56,84,52,4532,exponential
36,57,11,43,4532,exponential
36,58,128,250,4532,exponential
36,59,27,19,4532,exponential
36,60,4,28,4532,exponential
36,61,11,21,4532,exponential
36,62,17,103,4532,exponential
36,63,20,49,4532,exponential
36,64,31,44,4532,exponential
36,65,10,2,4532,exponential
36,66,74,65,4532,exponential
36,67,63,19,4532,exponential
36,68,1,36,4532,exponential
36,69,11,9,4532,exponential
36,70,19,1,4532,exponential
36,71,9,54,4532,exponential
36,72,55,2,4532,exponential
36,73,47,12,4532,exponential
36,74,29,13,4532,exponential
36,75,78,80,4532,exponential
36,76,31,40,4532,exponential
36,77,21,3,4532,exponential
36,78,8,21,4532,exponential
36,79,13,9,4532,exponential
36,80,4,13,4532,exponential
36,81,35,0,4532,exponential
36,82,10,1,4532,exponential
36,83,12,30,4532,exponential
36,84,1,62,4532,exponential
36,85,38,49,4532,exponential
36,86,40,49,4532,exponential
36,87,89,40,4532,exponential
36,88,6,2,4532,exponential
36,89,130,52,4532,exponential
36,90,25,24,4532,exponential
36,91,1,19,4532,exponential
36,92,6,40,4532,exponential
36,93,14,33,4532,exponential
36,94,13,70,4532,exponential
36,95,13,39,4532,exponential
36,96,16,38,4532,exponential
36,97,9,14,4532,exponential
36,98,43,88,4532,exponential
36,99,23,27,4532,exponential
37,0,34,52,2644,exponential
37,1,5,31,2644,exponential
37,2,3,23,2644,exponential
37,3,11,13,2644,exponential
37,4,3,3,2644,exponential
37,5,23,41,2644,exponential
37,6,61,81,2644,exponential
37,7,16,32,2644,exponential
37,8,2,6,2644,exponential
37,9,5,11,2644,exponential
37,10,0,5,2644,exponential
37,11,14,30,2644,exponential
37,12,53,1,2644,exponential
37,13,24,7,2644,exponential
37,14,194,0,2644,exponential
37,15,44,32,2644,exponential
37,16,16,12,2644,exponential
37,17,28,5,2644,exponential
37,18,14,79,2644,exponential
37,19,21,5,2644,exponential
37,20,50,23,2644,exponential
37,21,65,32,2644,exponential
37,22,65,39,2644,exponential
37,23,86,33,2644,exponential
37,24,22,2,2644,exponential
37,25,33,15,2644,exponential
37,26,71,37,2644,exponential
37,27,27,7,2644,exponential
37,28,23,31,2644,exponential
37,29,47,24,2644,exponential
37,30,30,80,2644,exponential
37,31,122,92,2644,exponential
37,32,48,24,2644,exponential
37,33,133,7,2644,exponential
37,34,196,26,2644,exponential
37,35,6,28,2644,exponential
37,36,3,94,2644,exponential
37,37,2,44,2644,exponential
37,38,35,8,2644,exponential
37,39,14,49,2644,exponential
37,40,11,48,2644,exponential
37,41,59,75,2644,exponential
37,42,25,4,2644,exponential
37,43,1,17,2644,exponential
37,44,27,63,2644,exponential
37,45,114,58,2644,exponential
37,46,34,59,2644,exponential
37,47,6,11,2644,exponential
37,48,3,6,2644,exponential
37,49,94,20,2644,exponential
37,50,45,10,2644,exponential
37,51,4,161,2644,exponential
37,52,31,12,2644,exponential
37,53,189,11,2644,exponential
37,54,1,35,2644,exponential
37,55,58,24,2644,exponential
37,56,38,44,2644,exponential
37,57,14,24,2644,exponential
37,58,12,22,2644,exponential
37,59,8,18,2644,exponential
37,60,155,20,2644,exponential
37,61,30,15,2644,exponential
37,62,13,29,2644,exponential
37,63,15,8,2644,exponential
37,64,92,25,2644,exponential
37,65,0,79,2644,exponential
37,66,92,2,2644,exponential
37,67,3,24,2644,exponential
37,68,63,39,2644,exponential
37,69,3,10,2644,exponential
37,70,53,18,2644,exponential
37,71,110,13,2644,exponential
37,72,167,30,2644,exponential
37,73,68,19,2644,exponential
37,74,7,83,2644,exponential
37,75,76,46,2644,exponential
37,76,39,43,2644,exponential
37,77,1,19,2644,exponential
37,78,24,54,2644,exponential
37,79,26,15,2644,exponential
37,80,121,14,2644,exponential
37,81,107,45,2644,exponential
37,82,33,5,2644,exponential
37,83,36,70,2644,exponential
37,84,70,93,2644,exponential
37,85,21,8,2644,exponential
37,86,0,45,2644,exponential
37,87,71,116,2644,exponential
37,88,61,94,2644,exponential
37,89,29,3,2644,exponential
37,90,3,118,2644,exponential
37,91,45,93,2644,exponential
37,92,48,3,2644,exponential
37,93,34,55,2644,exponential
37,94,0,77,2644,exponential
37,95,13,55,2644,exponential
37,96,3,25,2644,exponential
37,97,117,111,2644,exponential
37,98,41,12,2644,exponential
37,99,3,24,2644,exponential
38,0,57,21,3014,normal
38,1,50,62,3014,normal
38,2,80,93,3014,normal
38,3,25,66,3014,normal
38,4,42,47,3014,normal
38,5,71,55,3014,normal
38,6,37,72,3014,normal
38,7,44,32,3014,normal
38,8,56,56,3014,normal
38,9,32,58,3014,normal
38,10,48,45,3014,normal
38,11,56,33,3014,normal
38,12,50,0,3014,normal
38,13,68,23,3014,normal
38,14,68,40,3014,normal
38,15,50,50,3014,normal
38,16,45,29,3014,normal
38,17,59,45,3014,normal
38,18,46,54,3014,normal
38,19,68,67,3014,normal
38,20,14,43,3014,normal
38,21,47,50,3014,normal
38,22,19,43,3014,normal
38,23,10,51,3014,normal
38,24,55,52,3014,normal
38,25,49,64,3014,normal
38,26,16,39,3014,normal
38,27,71,56,3014,normal
38,28,42,19,3014,normal
38,29,39,60,3014,normal
38,30,27,50,3014,normal
38,31,40,60,3014,normal
38,32,25,44,3014,normal
38,33,52,39,3014,normal
38,34,67,24,3014,normal
38,35,45,16,3014,normal
38,36,51,50,3014,normal
38,37,35,44,3014,normal
38,38,43,22,3014,normal
38,39,60,38,3014,normal
38,40,62,37,3014,normal
38,41,59,32,3014,normal
38,42,61,71,3014,normal
38,43,64,51,3014,normal
38,44,71,69,3014,normal
38,45,40,75,3014,normal
38,46,50,64,3014,normal
38,47,56,64,3014,normal
38,48,57,68,3014,normal
38,49,44,49,3014,normal
38,50,44,52,3014,normal
38,51,19,46,3014,normal
38,52,46,68,3014,normal
38,53,57,33,3014,normal
38,54,30,36,3014,normal
38,55,62,58,3014,normal
38,56,54,35,3014,normal
38,57,61,45,3014,normal
38,58,43,49,3014,normal
38,59,30,66,3014,normal
38,60,37,46,3014,normal
38,61,37,43,3014,normal
38,62,14,62,3014,normal
38,63,48,28,3014,normal
38,64,61,65,3014,normal
38,65,61,38,3014,normal
38,66,34,62,3014,normal
38,67,52,51,3014,normal
38,68,22,73,3014,normal
38,69,49,31,3014,normal
38,70,48,45,3014,normal
38,71,48,36,3014,normal
38,72,46,39,3014,normal
38,73,69,51,3014,normal
38,74,28,59,3014,normal
38,75,47,49,3014,normal
38,76,72,43,3014,normal
38,77,64,50,3014,normal
38,78,42,73,3014,normal
38,79,37,28,3014,normal
38,80,74,62,3014,normal
38,81,56,71,3014,normal
38,82,31,61,3014,normal
38,83,60,21,3014,normal
38,84,64,43,3014,normal
38,85,43,61,3014,normal
38,86,39,44,3014,normal
38,87,47,44,3014,normal
38,88,10,26,3014,normal
38,89,64,59,3014,normal
38,90,64,55,3014,normal
38,91,42,41,3014,normal
38,92,76,48,3014,normal
38,93,68,30,3014,normal
38,94,43,48,3014,normal
38,95,22,71,3014,normal
38,96,73,32,3014,normal
38,97,64,58,3014,normal
38,98,32,66,3014,normal
38,99,53,83,3014,normal
39,0,3,15,3585,exponential
39,1,60,40,3585,exponential
39,2,40,1,3585,exponential
39,3,69,84,3585,exponential
39,4,9,48,3585,exponential
39,5,6,10,3585,exponential
39,6,43,130,3585,exponential
39,7,0,21,3585,exponential
39,8,1,22,3585,exponential
39,9,10,27,3585,exponential
39,10,17,15,3585,exponential
39,11,17,30,3585,exponential
39,12,8,24,3585,exponential
39,13,65,12,3585,exponential
39,14,7,18,3585,exponential
39,15,11,90,3585,exponential
39,16,8,1,3585,exponential
39,17,31,115,3585,exponential
39,18,5,37,3585,exponential
39,19,28,17,3585,exponential
39,20,39,37,3585,exponential
39,21,33,23,3585,exponential
39,22,60,53,3585,exponential
39,23,11,6,3585,exponential
39,24,9,46,3585,exponential
39,25,3,1,3585,exponential
39,26,46,95,3585,exponential
39,27,1,38,3585,exponential
39,28,2,49,3585,exponential
39,29,39,48,3585,exponential
39,30,105,97,3585,exponential
39,31,109,49,3585,exponential
39,32,44,19,3585,exponential
39,33,25,8,3585,exponential
39,34,39,6,3585,exponential
39,35,4,140,3585,exponential
39,36,38,1,3585,exponential
39,37,9,2,3585,exponential
39,38,79,5,3585,exponential
39,39,21,14,3585,exponential
39,40,12,7,3585,exponential
39,41,4,48,3585,exponential
39,42,17,0,3585,exponential
39,43,5,70,3585,exponential
39,44,37,79,3585,exponential
39,45,43,26,3585,exponential
39,46,17,12,3585,exponential
39,47,112,13,3585,exponential
39,48,26,32,3585,exponential
39,49,51,5,3585,exponential
39,50,38,3,3585,exponential
39,51,14,45,3585,exponential
39,52,126,64,3585,exponential
39,53,0,45,3585,exponential
39,54,48,0,3585,exponential
39,55,6,76,3585,exponential
39,56,82,15,3585,exponential
39,57,38,1,3585,exponential
39,58,38,10,3585,exponential
39,59,9,37,3585,exponential
39,60,39,1,3585,exponential
39,61,9,4,3585,exponential
39,62,11,0,3585,exponential
39,63,24,2,3585,exponential
39,64,71,29,3585,exponential
39,65,42,122,3585,exponential
39,66,37,7,3585,exponential
39,67,0,30,3585,exponential
39,68,0,27,3585,exponential
39,69,22,20,3585,exponential
39,70,10,69,3585,exponential
39,71,30,26,3585,exponential
39,72,25,5,3585,exponential
39,73,74,16,3585,exponential
39,74,20,23,3585,exponential
39,75,2,1,3585,exponential
39,76,52,33,3585,exponential
39,77,1,16,3585,exponential
39,78,5,18,3585,exponential
39,79,38,24,3585,exponential
39,80,21,33,3585,exponential
39,81,22,24,3585,exponential
39,82,16,3,3585,exponential
39,83,20,6,3585,exponential
39,84,30,12,3585,exponential
39,85,22,15,3585,exponential
39,86,80,15,3585,exponential
39,87,4,87,3585,exponential
39,88,87,32,3585,exponential
39,89,8,26,3585,exponential
39,90,3,18,3585,exponential
39,91,15,24,3585,exponential
39,92,29,114,3585,exponential
39,93,4,44,3585,exponential
39,94,0,118,3585,exponential
39,95,31,29,3585,exponential
39,96,8,72,3585,exponential
39,97,3,81,3585,exponential
39,98,4,97,3585,exponential
39,99,27,6,3585,exponential
40,0,15,63,4728,uniform
40,1,63,85,4728,uniform
40,2,40,64,4728,uniform
40,3,29,50,4728,uniform
40,4,35,33,4728,uniform
40,5,51,41,4728,uniform
40,6,72,45,4728,uniform
40,7,64,7,4728,uniform
40,8,59,67,4728,uniform
40,9,55,4,4728,uniform
40,10,3,44,4728,uniform
40,11,52,55,4728,uniform
40,12,91,68,4728,uniform
40,13,82,53,4728,uniform
40,14,88,26,4728,uniform
40,15,62,71,4728,uniform
40,16,27,17,4728,uniform
40,17,57,66,4728,uniform
40,18,50,87,4728,uniform
40,19,21,86,4728,uniform
40,20,46,73,4728,uniform
40,21,86,74,4728,uniform
40,22,66,49,4728,uniform
40,23,68,57,4728,uniform
40,24,40,37,4728,uniform
40,25,3,22,4728,uniform
40,26,80,9,4728,uniform
40,27,46,53,4728,uniform
40,28,61,2,4728,uniform
40,29,70,55,4728,uniform
40,30,56,43,4728,uniform
40,31,28,88,4728,uniform
40,32,14,80,4728,uniform
40,33,3,78,4728,uniform
40,34,38,4,4728,uniform
40,35,34,3,4728,uniform
40,36,90,98,4728,uniform
40,37,7,23,4728,uniform
40,38,36,48,4728,uniform
40,39,90,75,4728,uniform
40,40,12,16,4728,uniform
40,41,5,11,4728,uniform
40,42,92,29,4728,uniform
40,43,92,51,4728,uniform
40,44,67,75,4728,uniform
40,45,69,57,4728,uniform
40,46,20,99,4728,uniform
40,47,23,4,4728,uniform
40,48,89,24,4728,uniform
40,49,35,79,4728,uniform
40,50,1,44,4728,uniform
40,51,53,19,4728,uniform
40,52,86,95,4728,uniform
40,53,51,51,4728,uniform
40,54,33,92,4728,uniform
40,55,14,56,4728,uniform
40,56,45,84,4728,uniform
40,57,91,72,4728,uniform
40,58,54,97,4728,uniform
40,59,18,3,4728,uniform
40,60,85,58,4728,uniform
40,61,21,40,4728,uniform
40,62,68,44,4728,uniform
40,63,23,14,4728,uniform
40,64,9,46,4728,uniform
40,65,78,85,4728,uniform
40,66,71,25,4728,uniform
40,67,96,83,4728,uniform
40,68,43,24,4728,uniform
40,69,38,83,4728,uniform
40,70,91,86,4728,uniform
40,71,40,61,4728,uniform
40,72,12,67,4728,uniform
40,73,11,80,4728,uniform
40,74,3,62,4728,uniform
40,75,96,21,4728,uniform
40,76,12,57,4728,uniform
40,77,65,44,4728,uniform
40,78,57,7,4728,uniform
40,79,71,32,4728,uniform
40,80,80,32,4728,uniform
40,81,65,47,4728,uniform
40,82,85,48,4728,uniform
40,83,99,40,4728,uniform
40,84,26,23,4728,uniform
40,85,59,92,4728,uniform
40,86,26,17,4728,uniform
40,87,47,6,4728,uniform
40,88,88,31,4728,uniform
40,89,61,26,4728,uniform
40,90,73,59,4728,uniform
40,91,26,24,4728,uniform
40,92,55,58,4728,uniform
40,93,5,77,4728,uniform
40,94,3,21,4728,uniform
40,95,77,56,4728,uniform
40,96,2,45,4728,uniform
40,97,21,9,4728,uniform
40,98,74,47,4728,uniform
40,99,3,45,4728,uniform
41,0,98,5,3974,uniform
41,1,30,25,3974,uniform
41,2,68,2,3974,uniform
41,3,56,32,3974,uniform
41,4,14,65,3974,uniform
41,5,19,38,3974,uniform
41,6,71,64,3974,uniform
41,7,24,27,3974,uniform
41,8,27,41,3974,uniform
41,9,8,22,3974,uniform
41,10,7,50,3974,uniform
41,11,45,33,3974,uniform
41,12,14,14,3974,uniform
41,13,98,81,3974,uniform
41,14,34,40,3974,uniform
41,15,20,61,3974,uniform
41,16,96,80,3974,uniform
41,17,33,71,3974,uniform
41,18,74,71,3974,uniform
41,19,92,50,3974,uniform
41,20,9,96,3974,uniform
41,21,63,8,3974,uniform
41,22,86,35,3974,uniform
41,23,73,59,3974,uniform
41,24,98,31,3974,uniform
41,25,15,15,3974,uniform
41,26,78,52,3974,uniform
41,27,38,97,3974,uniform
41,28,54,80,3974,uniform
41,29,80,20,3974,uniform
41,30,15,64,3974,uniform
41,31,48,52,3974,uniform
41,32,4,59,3974,uniform
41,33,9,34,3974,uniform
41,34,6,26,3974,uniform
41,35,75,5,3974,uniform
41,36,17,69,3974,uniform
41,37,8,86,3974,uniform
41,38,23,66,3974,uniform
41,39,92,10,3974,uniform
41,40,9,94,3974,uniform
41,41,46,98,3974,uniform
41,42,74,80,3974,uniform
41,43,33,8,3974,uniform
41,44,49,81,3974,uniform
41,45,79,52,3974,uniform
41,46,77,94,3974,uniform
41,47,67,93,3974,uniform
41,48,44,8,3974,uniform
41,49,61,97,3974,uniform
41,50,18,73,3974,uniform
41,51,43,48,3974,uniform
41,52,52,70,3974,uniform
41,53,3,50,3974,uniform
41,54,44,91,3974,uniform
41,55,93,38,3974,uniform
41,56,15,91,3974,uniform
41,57,90,49,3974,uniform
41,58,18,43,3974,uniform
41,59,56,97,3974,uniform
41,60,58,64,3974,uniform
41,61,8,85,3974,uniform
41,62,26,1,3974,uniform
41,63,50,28,3974,uniform
41,64,11,8,3974,uniform
41,65,47,26,3974,uniform
41,66,54,69,3974,uniform
41,67,91,80,3974,uniform
41,68,73,58,3974,uniform
41,69,51,43,3974,uniform
41,70,74,53,3974,uniform
41,71,17,43,3974,uniform
41,72,13,38,3974,uniform
41,73,10,42,3974,uniform
41,74,43,81,3974,uniform
41,75,75,91,3974,uniform
41,76,25,68,3974,uniform
41,77,33,75,3974,uniform
41,78,86,13,3974,uniform
41,79,15,60,3974,uniform
41,80,85,93,3974,uniform
41,81,42,3,3974,uniform
41,82,85,78,3974,uniform
41,83,73,35,3974,uniform
41,84,42,63,3974,uniform
41,85,51,33,3974,uniform
41,86,68,22,3974,uniform
41,87,84,34,3974,uniform
41,88,8,34,3974,uniform
41,89,91,23,3974,uniform
41,90,90,8,3974,uniform
41,91,94,72,3974,uniform
41,92,94,8,3974,uniform
41,93,43,19,3974,uniform
41,94,59,47,3974,uniform
41,95,72,83,3974,uniform
41,96,36,57,3974,uniform
41,97,83,89,3974,uniform
41,98,27,66,3974,uniform
41,99,37,80,3974,uniform
42,0,14,39,4021,exponential
42,1,14,22,4021,exponential
42,2,88,23,4021,exponential
42,3,13,27,4021,exponential
42,4,3,73,4021,exponential
42,5,13,4,4021,exponential
42,6,5,3,4021,exponential
42,7,13,37,4021,exponential
42,8,79,36,4021,exponential
42,9,30,99,4021,exponential
42,10,27,8,4021,exponential
42,11,13,21,4021,exponential
42,12,32,6,4021,exponential
42,13,4,15,4021,exponential
42,14,60,3,4021,exponential
42,15,74,18,4021,exponential
42,16,56,118,4021,exponential
42,17,53,95,4021,exponential
42,18,6,19,4021,exponential
42,19,40,91,4021,exponential
42,20,11,75,4021,exponential
42,21,62,48,4021,exponential
42,22,56,26,4021,exponential
42,23,45,16,4021,exponential
42,24,20,36,4021,exponential
42,25,85,5,4021,exponential
42,26,0,14,4021,exponential
42,27,32,4,4021,exponential
42,28,40,11,4021,exponential
42,29,16,14,4021,exponential
42,30,26,7,4021,exponential
42,31,24,12,4021,exponential
42,32,29,0,4021,exponential
42,33,74,71,4021,exponential
42,34,21,124,4021,exponential
42,35,45,28,4021,exponential
42,36,1,4,4021,exponential
42,37,15,31,4021,exponential
42,38,38,14,4021,exponential
42,39,18,7,4021,exponential
42,40,30,12,4021,exponential
42,41,18,3,4021,exponential
42,42,48,11,4021,exponential
42,43,110,36,4021,exponential
42,44,5,0,4021,exponential
42,45,14,27,4021,exponential
42,46,51,11,4021,exponential
42,47,2,0,4021,exponential
42,48,10,10,4021,exponential
42,49,14,1,4021,exponential
42,50,28,19,4021,exponential
42,51,12,10,4021,exponential
42,52,31,105,4021,exponential
42,53,11,9,4021,exponential
42,54,46,29,4021,exponential
42,55,209,13,4021,exponential
42,56,5,5,4021,exponential
42,57,34,21,4021,exponential
42,58,48,23,4021,exponential
42,59,27,0,4021,exponential
42,60,1,29,4021,exponential
42,61,24,39,4021,exponential
42,62,0,48,4021,exponential
42,63,0,7,4021,exponential
42,64,33,28,4021,exponential
42,65,12,9,4021,exponential
42,66,5,21,4021,exponential
42,67,21,20,4021,exponential
42,68,24,51,4021,exponential
42,69,87,13,4021,exponential
42,70,26,0,4021,exponential
42,71,20,76,4021,exponential
42,72,99,61,4021,exponential
42,73,83,19,4021,exponential
42,74,65,5,4021,exponential
42,75,16,27,4021,exponential
42,76,74,23,4021,exponential
42,77,45,12,4021,exponential
42,78,8,49,4021,exponential
42,79,22,0,4021,exponential
42,80,42,36,4021,exponential
42,81,58,52,4021,exponential
42,82,31,2,4021,exponential
42,83,24,28,4021,exponential
42,84,10,55,4021,exponential
42,85,23,4,4021,exponential
42,86,3,128,4021,exponential
42,87,64,42,4021,exponential
42,88,45,93,4021,exponential
42,89,71,131,4021,exponential
42,90,137,127,4021,exponential
42,91,37,35,4021,exponential
42,92,15,8,4021,exponential
42,93,17,23,4021,exponential
42,94,25,24,4021,exponential
42,95,62,51,4021,exponential
42,96,23,25,4021,exponential
42,97,30,23,4021,exponential
42,98,45,31,4021,exponential
42,99,7,30,4021,exponential
43,0,14,11,4242,exponential
43,1,56,1,4242,exponential
43,2,8,39,4242,exponential
43,3,41,22,4242,exponential
43,4,7,2,4242,exponential
43,5,3,1,4242,exponential
43,6,40,43,4242,exponential
43,7,9,62,4242,exponential
43,8,21,80,4242,exponential
43,9,9,46,4242,exponential
43,10,27,148,4242,exponential
43,11,2,1,4242,exponential
43,12,14,53,4242,exponential
43,13,104,9,4242,exponential
43,14,17,2,4242,exponential
43,15,5,44,4242,exponential
43,16,4,81,4242,exponential
43,17,7,70,4242,exponential
43,18,8,47,4242,exponential
43,19,30,19,4242,exponential
43,20,13,25,4242,exponential
43,21,24,12,4242,exponential
43,22,36,12,4242,exponential
43,23,63,6,4242,exponential
43,24,3,53,4242,exponential
43,25,111,7,4242,exponential
43,26,9,49,4242,exponential
43,27,18,7,4242,exponential
43,28,44,10,4242,exponential
43,29,5,42,4242,exponential
43,30,24,114,4242,exponential
43,31,57,26,4242,exponential
43,32,9,38,4242,exponential
43,33,41,67,4242,exponential
43,34,3,25,4242,exponential
43,35,78,14,4242,exponential
43,36,39,57,4242,exponential
43,37,64,52,4242,exponential
43,38,9,110,4242,exponential
43,39,123,2,4242,exponential
43,40,84,120,4242,exponential
43,41,114,26,4242,exponential
43,42,26,55,4242,exponential
43,43,33,132,4242,exponential
43,44,7,9,4242,exponential
43,45,0,11,4242,exponential
43,46,37,15,4242,exponential
43,47,59,39,4242,exponential
43,48,9,45,4242,exponential
43,49,39,19,4242,exponential
43,50,16,68,4242,exponential
43,51,33,15,4242,exponential
43,52,19,50,4242,exponential
43,53,3,10,4242,exponential
43,54,63,1,4242,exponential
43,55,1,25,4242,exponential
43,56,100,34,4242,exponential
43,57,25,14,4242,exponential
43,58,53,23,4242,exponential
43,59,39,70,4242,exponential
43,60,46,71,4242,exponential
43,61,10,36,4242,exponential
43,62,5,4,4242,exponential
43,63,92,11,4242,exponential
43,64,106,143,4242,exponential
43,65,47,0,4242,exponential
43,66,57,11,4242,exponential
43,67,48,2,4242,exponential
43,68,9,30,4242,exponential
43,69,6,20,4242,exponential
43,70,8,8,4242,exponential
43,71,32,3,4242,exponential
43,72,29,78,4242,exponential
43,73,0,49,4242,exponential
43,74,84,29,4242,exponential
43,75,35,16,4242,exponential
43,76,118,10,4242,exponential
43,77,1,43,4242,exponential
43,78,4,14,4242,exponential
43,79,92,64,4242,exponential
43,80,2,33,4242,exponential
43,81,8,89,4242,exponential
43,82,0,34,4242,exponential
43,83,12,24,4242,exponential
43,84,47,112,4242,exponential
43,85,16,7,4242,exponential
43,86,29,27,4242,exponential
43,87,46,12,4242,exponential
43,88,24,17,4242,exponential
43,89,12,50,4242,exponential
43,90,9,4,4242,exponential
43,91,7,7,4242,exponential
43,92,22,13,4242,exponential
43,93,16,13,4242,exponential
43,94,13,31,4242,exponential
43,95,9,36,4242,exponential
43,96,11,10,4242,exponential
43,97,1,87,4242,exponential
43,98,112,46,4242,exponential
43,99,8,10,4242,exponential
44,0,14,26,2568,exponential
44,1,30,33,2568,exponential
44,2,47,56,2568,exponential
44,3,21,15,2568,exponential
44,4,73,30,2568,exponential
44,5,79,27,2568,exponential
44,6,20,37,2568,exponential
44,7,31,1,2568,exponential
44,8,8,54,2568,exponential
44,9,3,33,2568,exponential
44,10,40,14,2568,exponential
44,11,0,8,2568,exponential
44,12,71,5,2568,exponential
44,13,0,53,2568,exponential
44,14,46,9,2568,exponential
44,15,25,1,2568,exponential
44,16,39,22,2568,exponential
44,17,105,26,2568,exponential
44,18,6,3,2568,exponential
44,19,44,10,2568,exponential
44,20,18,2,2568,exponential
44,21,86,2,2568,exponential
44,22,8,48,2568,exponential
44,23,14,22,2568,exponential
44,24,41,0,2568,exponential
44,25,77,3,2568,exponential
44,26,67,173,2568,exponential
44,27,17,12,2568,exponential
44,28,25,37,2568,exponential
44,29,34,2,2568,exponential
44,30,2,10,2568,exponential
44,31,25,24,2568,exponential
44,32,6,33,2568,exponential
44,33,40,3,2568,exponential
44,34,8,29,2568,exponential
44,35,68,97,2568,exponential
44,36,50,10,2568,exponential
44,37,28,13,2568,exponential
44,38,3,23,2568,exponential
44,39,35,41,2568,exponential
44,40,44,1,2568,exponential
44,41,48,59,2568,exponential
44,42,83,39,2568,exponential
44,43,11,243,2568,exponential
44,44,12,16,2568,exponential
44,45,63,21,2568,exponential
44,46,27,16,2568,exponential
44,47,129,17,2568,exponential
44,48,77,5,2568,exponential
44,49,13,49,2568,exponential
44,50,97,67,2568,exponential
44,51,9,16,2568,exponential
44,52,11,32,2568,exponential
44,53,54,12,2568,exponential
44,54,85,5,2568,exponential
44,55,36,1,2568,exponential
44,56,4,20,2568,exponential
44,57,6,41,2568,exponential
44,58,19,51,2568,exponential
44,59,32,11,2568,exponential
44,60,38,4,2568,exponential
44,61,10,31,2568,exponential
44,62,48,17,2568,exponential
44,63,25,35,2568,exponential
44,64,2,8,2568,exponential
44,65,55,43,2568,exponential
44,66,4,5,2568,exponential
44,67,51,15,2568,exponential
44,68,21,1,2568,exponential
44,69,7,88,2568,exponential
44,70,6,1,2568,exponential
44,71,55,47,2568,exponential
44,72,39,38,2568,exponential
44,73,30,20,2568,exponential
44,74,4,45,2568,exponential
44,75,30,25,2568,exponential
44,76,95,38,2568,exponential
44,77,8,0,2568,exponential
44,78,69,9,2568,exponential
44,79,41,81,2568,exponential
44,80,9,2,2568,exponential
44,81,27,20,2568,exponential
44,82,6,13,2568,exponential
44,83,13,1,2568,exponential
44,84,80,7,2568,exponential
44,85,27,3,2568,exponential
44,86,27,26,2568,exponential
44,87,4,44,2568,exponential
44,88,24,54,2568,exponential
44,89,30,11,2568,exponential
44,90,60,79,2568,exponential
44,91,20,78,2568,exponential
44,92,6,93,2568,exponential
44,93,57,6,2568,exponential
44,94,8,25,2568,exponential
44,95,50,3,2568,exponential
44,96,7,30,2568,exponential
44,97,144,30,2568,exponential
44,98,4,45,2568,exponential
44,99,13,9,2568,exponential
45,0,61,40,4544,normal
45,1,63,39,4544,normal
45,2,69,31,4544,normal
45,3,37,50,4544,normal
45,4,27,52,4544,normal
45,5,92,89,4544,normal
45,6,60,43,4544,normal
45,7,66,24,4544,normal
45,8,72,52,4544,normal
45,9,53,81,4544,normal
45,10,41,51,4544,normal
45,11,62,43,4544,normal
45,12,46,51,4544,normal
45,13,58,65,4544,normal
45,14,49,46,4544,normal
45,15,62,72,4544,normal
45,16,34,35,4544,normal
45,17,42,76,4544,normal
45,18,26,59,4544,normal
45,19,51,53,4544,normal
45,20,37,77,4544,normal
45,21,46,47,4544,normal
45,22,41,29,4544,normal
45,23,49,44,4544,normal
45,24,20,55,4544,normal
45,25,21,30,4544,normal
45,26,49,68,4544,normal
45,27,40,58,4544,normal
45,28,32,81,4544,normal
45,29,14,49,4544,normal
45,30,41,46,4544,normal
45,31,61,71,4544,normal
45,32,70,14,4544,normal
45,33,60,30,4544,normal
45,34,29,42,4544,normal
45,35,73,56,4544,normal
45,36,66,43,4544,normal
45,37,55,16,4544,normal
45,38,34,57,4544,normal
45,39,35,44,4544,normal
45,40,27,43,4544,normal
45,41,63,71,4544,normal
45,42,68,34,4544,normal
45,43,56,44,4544,normal
45,44,64,57,4544,normal
45,45,41,38,4544,normal
45,46,20,76,4544,normal
45,47,44,69,4544,normal
45,48,55,38,4544,normal
45,49,35,41,4544,normal
45,50,79,54,4544,normal
45,51,80,51,4544,normal
45,52,43,59,4544,normal
45,53,36,65,4544,normal
45,54,58,50,4544,normal
45,55,52,32,4544,normal
45,56,60,32,4544,normal
45,57,56,23,4544,normal
45,58,61,50,4544,normal
45,59,48,40,4544,normal
45,60,93,38,4544,normal
45,61,43,52,4544,normal
45,62,57,78,4544,normal
45,63,34,39,4544,normal
45,64,44,50,4544,normal
45,65,58,38,4544,normal
45,66,54,55,4544,normal
45,67,57,7,4544,normal
45,68,87,32,4544,normal
45,69,37,46,4544,normal
45,70,31,47,4544,normal
45,71,40,54,4544,normal
45,72,33,60,4544,normal
45,73,45,35,4544,normal
45,74,26,40,4544,normal
45,75,52,61,4544,normal
45,76,69,42,4544,normal
45,77,60,69,4544,normal
45,78,47,30,4544,normal
45,79,60,91,4544,normal
45,80,54,72,4544,normal
45,81,45,37,4544,normal
45,82,50,48,4544,normal
45,83,52,54,4544,normal
45,84,22,59,4544,normal
45,85,59,50,4544,normal
45,86,45,75,4544,normal
45,87,87,49,4544,normal
45,88,49,48,4544,normal
45,89,76,54,4544,normal
45,90,18,67,4544,normal
45,91,33,53,4544,normal
45,92,30,49,4544,normal
45,93,51,44,4544,normal
45,94,62,64,4544,normal
45,95,42,72,4544,normal
45,96,59,19,4544,normal
45,97,57,51,4544,normal
45,98,56,30,4544,normal
45,99,63,41,4544,normal
46,0,69,80,3773,uniform
46,1,67,72,3773,uniform
46,2,46,27,3773,uniform
46,3,40,16,3773,uniform
46,4,47,86,3773,uniform
46,5,78,56,3773,uniform
46,6,78,97,3773,uniform
46,7,35,41,3773,uniform
46,8,11,36,3773,uniform
46,9,5,47,3773,uniform
46,10,74,22,3773,uniform
46,11,86,25,3773,uniform
46,12,74,24,3773,uniform
46,13,92,45,3773,uniform
46,14,31,14,3773,uniform
46,15,8,75,3773,uniform
46,16,94,49,3773,uniform
46,17,10,86,3773,uniform
46,18,61,79,3773,uniform
46,19,42,4,3773,uniform
46,20,23,16,3773,uniform
46,21,76,76,3773,uniform
46,22,93,47,3773,uniform
46,23,26,32,3773,uniform
46,24,87,61,3773,uniform
46,25,12,49,3773,uniform
46,26,86,10,3773,uniform
46,27,6,24,3773,uniform
46,28,31,48,3773,uniform
46,29,81,89,3773,uniform
46,30,21,73,3773,uniform
46,31,72,66,3773,uniform
46,32,77,74,3773,uniform
46,33,60,17,3773,uniform
46,34,91,61,3773,uniform
46,35,79,36,3773,uniform
46,36,7,62,3773,uniform
46,37,92,96,3773,uniform
46,38,16,39,3773,uniform
46,39,75,80,3773,uniform
46,40,78,26,3773,uniform
46,41,15,8,3773,uniform
46,42,96,46,3773,uniform
46,43,49,34,3773,uniform
46,44,44,9,3773,uniform
46,45,67,54,3773,uniform
46,46,76,77,3773,uniform
46,47,83,65,3773,uniform
46,48,86,91,3773,uniform
46,49,67,30,3773,uniform
46,50,43,62,3773,uniform
46,51,11,64,3773,uniform
46,52,48,71,3773,uniform
46,53,93,42,3773,uniform
46,54,33,66,3773,uniform
46,55,97,56,3773,uniform
46,56,51,96,3773,uniform
46,57,25,40,3773,uniform
46,58,28,44,3773,uniform
46,59,50,4,3773,uniform
46,60,48,55,3773,uniform
46,61,92,93,3773,uniform
46,62,67,58,3773,uniform
46,63,84,93,3773,uniform
46,64,90,67,3773,uniform
46,65,75,74,3773,uniform
46,66,55,8,3773,uniform
46,67,55,37,3773,uniform
46,68,36,23,3773,uniform
46,69,45,92,3773,uniform
46,70,50,8,3773,uniform
46,71,4,60,3773,uniform
46,72,47,66,3773,uniform
46,73,11,88,3773,uniform
46,74,8,94,3773,uniform
46,75,4,65,3773,uniform
46,76,61,10,3773,uniform
46,77,99,82,3773,uniform
46,78,47,48,3773,uniform
46,79,68,84,3773,uniform
46,80,89,58,3773,uniform
46,81,24,54,3773,uniform
46,82,6,39,3773,uniform
46,83,71,42,3773,uniform
46,84,66,35,3773,uniform
46,85,52,77,3773,uniform
46,86,58,89,3773,uniform
46,87,90,56,3773,uniform
46,88,12,59,3773,uniform
46,89,95,59,3773,uniform
46,90,28,52,3773,uniform
46,91,54,43,3773,uniform
46,92,21,49,3773,uniform
46,93,9,20,3773,uniform
46,94,49,36,3773,uniform
46,95,74,73,3773,uniform
46,96,64,89,3773,uniform
46,97,20,33,3773,uniform
46,98,94,46,3773,uniform
46,99,95,57,3773,uniform
47,0,68,71,4490,normal
47,1,25,77,4490,normal
47,2,57,30,4490,normal
47,3,66,40,4490,normal
47,4,47,47,4490,normal
47,5,59,69,4490,normal
47,6,40,76,4490,normal
47,7,81,69,4490,normal
47,8,50,64,4490,normal
47,9,58,61,4490,normal
47,10,12,50,4490,normal
47,11,40,62,4490,normal
47,12,61,40,4490,normal
47,13,67,81,4490,normal
47,14,68,33,4490,normal
47,15,73,59,4490,normal
47,16,46,41,4490,normal
47,17,68,36,4490,normal
47,18,64,15,4490,normal
47,19,30,11,4490,normal
47,20,27,47,4490,normal
47,21,7,49,4490,normal
47,22,24,45,4490,normal
47,23,77,50,4490,normal
47,24,77,52,4490,normal
47,25,50,52,4490,normal
47,26,59,39,4490,normal
47,27,29,59,4490,normal
47,28,40,56,4490,normal
47,29,62,43,4490,normal
47,30,49,76,4490,normal
47,31,53,25,4490,normal
47,32,79,54,4490,normal
47,33,76,69,4490,normal
47,34,45,59,4490,normal
47,35,36,65,4490,normal
47,36,3,72,4490,normal
47,37,46,39,4490,normal
47,38,68,31,4490,normal
47,39,55,73,4490,normal
47,40,36,63,4490,normal
47,41,82,83,4490,normal
47,42,56,55,4490,normal
47,43,28,61,4490,normal
47,44,31,70,4490,normal
47,45,59,43,4490,normal
47,46,2,15,4490,normal
47,47,74,67,4490,normal
47,48,49,75,4490,normal
47,49,56,41,4490,normal
47,50,41,28,4490,normal
47,51,58,53,4490,normal
47,52,40,38,4490,normal
47,53,60,45,4490,normal
47,54,24,62,4490,normal
47,55,105,44,4490,normal
47,56,72,9,4490,normal
47,57,46,49,4490,normal
47,58,80,24,4490,normal
47,59,49,34,4490,normal
47,60,69,31,4490,normal
47,61,61,43,4490,normal
47,62,32,35,4490,normal
47,63,58,50,4490,normal
47,64,47,35,4490,normal
47,65,64,46,4490,normal
47,66,75,47,4490,normal
47,67,37,58,4490,normal
47,68,39,7,4490,normal
47,69,86,61,4490,normal
47,70,49,50,4490,normal
47,71,43,49,4490,normal
47,72,51,42,4490,normal
47,73,83,50,4490,normal
47,74,32,56,4490,normal
47,75,70,65,4490,normal
47,76,72,54,4490,normal
47,77,60,79,4490,normal
47,78,53,64,4490,normal
47,79,48,55,4490,normal
47,80,63,35,4490,normal
47,81,12,37,4490,normal
47,82,46,58,4490,normal
47,83,60,46,4490,normal
47,84,65,55,4490,normal
47,85,54,57,4490,normal
47,86,64,14,4490,normal
47,87,27,66,4490,normal
47,88,38,38,4490,normal
47,89,44,81,4490,normal
47,90,55,63,4490,normal
47,91,75,6,4490,normal
47,92,65,56,4490,normal
47,93,75,44,4490,normal
47,94,56,31,4490,normal
47,95,42,30,4490,normal
47,96,44,57,4490,normal
47,97,51,60,4490,normal
47,98,78,47,4490,normal
47,99,50,53,4490,normal
48,0,53,28,3172,normal
48,1,51,42,3172,normal
48,2,61,29,3172,normal
48,3,10,72,3172,normal
48,4,48,69,3172,normal
48,5,88,41,3172,normal
48,6,73,52,3172,normal
48,7,63,30,3172,normal
48,8,31,31,3172,normal
48,9,29,39,3172,normal
48,10,51,60,3172,normal
48,11,66,59,3172,normal
48,12,11,32,3172,normal
48,13,34,61,3172,normal
48,14,39,57,3172,normal
48,15,69,69,3172,normal
48,16,39,77,3172,normal
48,17,40,70,3172,normal
48,18,59,38,3172,normal
48,19,66,29,3172,normal
48,20,41,40,3172,normal
48,21,39,38,3172,normal
48,22,34,68,3172,normal
48,23,45,44,3172,normal
48,24,46,35,3172,normal
48,25,59,75,3172,normal
48,26,44,31,3172,normal
48,27,50,43,3172,normal
48,28,59,36,3172,normal
48,29,53,23,3172,normal
48,30,34,16,3172,normal
48,31,78,70,3172,normal
48,32,54,56,3172,normal
48,33,53,45,3172,normal
48,34,38,10,3172,normal
48,35,59,47,3172,normal
48,36,55,40,3172,normal
48,37,29,42,3172,normal
48,38,71,7,3172,normal
48,39,37,46,3172,normal
48,40,52,47,3172,normal
48,41,90,66,3172,normal
48,42,59,46,3172,normal
48,43,31,55,3172,normal
48,44,50,52,3172,normal
48,45,62,47,3172,normal
48,46,47,75,3172,normal
48,47,46,33,3172,normal
48,48,77,83,3172,normal
48,49,53,26,3172,normal
48,50,54,47,3172,normal
48,51,49,48,3172,normal
48,52,0,39,3172,normal
48,53,45,43,3172,normal
48,54,66,38,3172,normal
48,55,63,52,3172,normal
48,56,40,54,3172,normal
48,57,93,61,3172,normal
48,58,61,41,3172,normal
48,59,32,55,3172,normal
48,60,22,65,3172,normal
48,61,31,36,3172,normal
48,62,39,72,3172,normal
48,63,64,45,3172,normal
48,64,28,82,3172,normal
48,65,41,27,3172,normal
48,66,17,42,3172,normal
48,67,76,67,3172,normal
48,68,67,30,3172,normal
48,69,50,39,3172,normal
48,70,49,39,3172,normal
48,71,52,55,3172,normal
48,72,45,65,3172,normal
48,73,43,48,3172,normal
48,74,60,63,3172,normal
48,75,22,37,3172,normal
48,76,29,36,3172,normal
48,77,72,72,3172,normal
48,78,59,29,3172,normal
48,79,36,65,3172,normal
48,80,65,42,3172,normal
48,81,61,58,3172,normal
48,82,63,48,3172,normal
48,83,36,46,3172,normal
48,84,61,37,3172,normal
48,85,25,39,3172,normal
48,86,89,50,3172,normal
48,87,24,58,3172,normal
48,88,40,56,3172,normal
48,89,73,77,3172,normal
48,90,73,36,3172,normal
48,91,47,75,3172,normal
48,92,35,36,3172,normal
48,93,43,61,3172,normal
48,94,60,69,3172,normal
48,95,54,34,3172,normal
48,96,60,31,3172,normal
48,97,41,47,3172,normal
48,98,45,34,3172,normal
48,99,67,27,3172,normal
49,0,56,55,3064,normal
49,1,38,38,3064,normal
49,2,26,45,3064,normal
49,3,68,65,3064,normal
49,4,47,14,3064,normal
49,5,44,48,3064,normal
49,6,80,30,3064,normal
49,7,43,38,3064,normal
49,8,67,49,3064,normal
49,9,39,44,3064,normal
49,10,54,49,3064,normal
49,11,44,30,3064,normal
49,12,82,42,3064,normal
49,13,65,41,3064,normal
49,14,55,49,3064,normal
49,15,64,70,3064,normal
49,16,37,44,3064,normal
49,17,43,61,3064,normal
49,18,16,21,3064,normal
49,19,54,61,3064,normal
49,20,47,51,3064,normal
49,21,45,27,3064,normal
49,22,32,67,3064,normal
49,23,60,40,3064,normal
49,24,65,48,3064,normal
49,25,59,28,3064,normal
49,26,36,43,3064,normal
49,27,26,45,3064,normal
49,28,48,37,3064,normal
49,29,64,58,3064,normal
49,30,46,77,3064,normal
49,31,34,46,3064,normal
49,32,85,36,3064,normal
49,33,40,67,3064,normal
49,34,35,44,3064,normal
49,35,45,43,3064,normal
49,36,60,54,3064,normal
49,37,49,19,3064,normal
49,38,57,57,3064,normal
49,39,49,40,3064,normal
49,40,33,44,3064,normal
49,41,80,50,3064,normal
49,42,41,53,3064,normal
49,43,63,50,3064,normal
49,44,47,64,3064,normal
49,45,43,87,3064,normal
49,46,45,79,3064,normal
49,47,37,61,3064,normal
49,48,60,53,3064,normal
49,49,67,63,3064,normal
49,50,59,58,3064,normal
49,51,49,57,3064,normal
49,52,62,55,3064,normal
49,53,55,44,3064,normal
49,54,35,38,3064,normal
49,55,39,47,3064,normal
49,56,66,14,3064,normal
49,57,40,60,3064,normal
49,58,19,59,3064,normal
49,59,40,54,3064,normal
49,60,51,28,3064,normal
49,61,74,57,3064,normal
49,62,52,30,3064,normal
49,63,23,43,3064,normal
49,64,46,74,3064,normal
49,65,7,24,3064,normal
49,66,67,33,3064,normal
49,67,20,43,3064,normal
49,68,57,26,3064,normal
49,69,45,81,3064,normal
49,70,24,48,3064,normal
49,71,63,65,3064,normal
49,72,33,52,3064,normal
49,73,64,50,3064,normal
49,74,44,43,3064,normal
49,75,58,49,3064,normal
49,76,39,55,3064,normal
49,77,70,20,3064,normal
49,78,34,67,3064,normal
49,79,38,37,3064,normal
49,80,51,55,3064,normal
49,81,32,29,3064,normal
49,82,51,53,3064,normal
49,83,42,95,3064,normal
49,84,16,32,3064,normal
49,85,63,21,3064,normal
49,86,39,55,3064,normal
49,87,68,31,3064,normal
49,88,85,42,3064,normal
49,89,41,56,3064,normal
49,90,39,67,3064,normal
49,91,54,42,3064,normal
49,92,44,59,3064,normal
49,93,45,43,3064,normal
49,94,64,50,3064,normal
49,95,65,32,3064,normal
49,96,95,33,3064,normal
49,97,66,62,3064,normal
49,98,47,47,3064,normal
49,99,76,36,3064,normal
