,,weights,values,capacity,distribution,instance_id
0,0,19,71,2717,uniform,0
0,1,6,67,2717,uniform,0
0,2,13,70,2717,uniform,0
0,3,8,53,2717,uniform,0
0,4,11,73,2717,uniform,0
0,5,15,68,2717,uniform,0
0,6,10,86,2717,uniform,0
0,7,11,85,2717,uniform,0
0,8,17,66,2717,uniform,0
0,9,62,92,2717,uniform,0
0,10,18,83,2717,uniform,0
0,11,8,59,2717,uniform,0
0,12,13,97,2717,uniform,0
0,13,12,51,2717,uniform,0
0,14,5,63,2717,uniform,0
0,15,16,91,2717,uniform,0
0,16,18,77,2717,uniform,0
0,17,8,70,2717,uniform,0
0,18,23,73,2717,uniform,0
0,19,22,73,2717,uniform,0
0,20,65,74,2717,uniform,0
0,21,8,97,2717,uniform,0
0,22,8,74,2717,uniform,0
0,23,18,89,2717,uniform,0
0,24,6,86,2717,uniform,0
0,25,16,79,2717,uniform,0
0,26,12,93,2717,uniform,0
0,27,8,50,2717,uniform,0
0,28,11,82,2717,uniform,0
0,29,1,64,2717,uniform,0
0,30,1,86,2717,uniform,0
0,31,3,82,2717,uniform,0
0,32,11,89,2717,uniform,0
0,33,75,72,2717,uniform,0
0,34,21,99,2717,uniform,0
0,35,19,62,2717,uniform,0
0,36,11,76,2717,uniform,0
0,37,9,96,2717,uniform,0
0,38,14,88,2717,uniform,0
0,39,3,91,2717,uniform,0
0,40,16,64,2717,uniform,0
0,41,4,67,2717,uniform,0
0,42,1,73,2717,uniform,0
0,43,16,59,2717,uniform,0
0,44,9,72,2717,uniform,0
0,45,79,72,2717,uniform,0
0,46,16,78,2717,uniform,0
0,47,4,75,2717,uniform,0
0,48,21,99,2717,uniform,0
0,49,13,71,2717,uniform,0
0,50,8,51,2717,uniform,0
0,51,20,80,2717,uniform,0
0,52,19,77,2717,uniform,0
0,53,15,84,2717,uniform,0
0,54,12,79,2717,uniform,0
0,55,12,90,2717,uniform,0
0,56,24,86,2717,uniform,0
0,57,1,90,2717,uniform,0
0,58,54,97,2717,uniform,0
0,59,10,65,2717,uniform,0
0,60,14,56,2717,uniform,0
0,61,14,62,2717,uniform,0
0,62,23,78,2717,uniform,0
0,63,18,65,2717,uniform,0
0,64,88,97,2717,uniform,0
0,65,21,72,2717,uniform,0
0,66,1,69,2717,uniform,0
0,67,22,83,2717,uniform,0
0,68,24,78,2717,uniform,0
0,69,3,58,2717,uniform,0
0,70,5,81,2717,uniform,0
0,71,22,81,2717,uniform,0
0,72,14,56,2717,uniform,0
0,73,77,55,2717,uniform,0
0,74,91,98,2717,uniform,0
0,75,24,76,2717,uniform,0
0,76,11,57,2717,uniform,0
0,77,19,74,2717,uniform,0
0,78,22,52,2717,uniform,0
0,79,18,75,2717,uniform,0
0,80,12,72,2717,uniform,0
0,81,4,58,2717,uniform,0
0,82,21,66,2717,uniform,0
0,83,19,83,2717,uniform,0
0,84,8,80,2717,uniform,0
0,85,17,51,2717,uniform,0
0,86,20,53,2717,uniform,0
0,87,64,77,2717,uniform,0
0,88,17,99,2717,uniform,0
0,89,5,53,2717,uniform,0
0,90,16,69,2717,uniform,0
0,91,18,82,2717,uniform,0
0,92,68,93,2717,uniform,0
0,93,11,69,2717,uniform,0
0,94,15,64,2717,uniform,0
0,95,10,61,2717,uniform,0
0,96,23,56,2717,uniform,0
0,97,4,74,2717,uniform,0
0,98,20,88,2717,uniform,0
0,99,3,85,2717,uniform,0
1,0,4,77,3170,uniform,1
1,1,5,80,3170,uniform,1
1,2,8,57,3170,uniform,1
1,3,18,53,3170,uniform,1
1,4,13,60,3170,uniform,1
1,5,16,98,3170,uniform,1
1,6,22,68,3170,uniform,1
1,7,21,66,3170,uniform,1
1,8,17,54,3170,uniform,1
1,9,8,85,3170,uniform,1
1,10,24,61,3170,uniform,1
1,11,99,82,3170,uniform,1
1,12,15,62,3170,uniform,1
1,13,3,79,3170,uniform,1
1,14,18,82,3170,uniform,1
1,15,24,59,3170,uniform,1
1,16,15,90,3170,uniform,1
1,17,70,88,3170,uniform,1
1,18,9,96,3170,uniform,1
1,19,4,70,3170,uniform,1
1,20,12,83,3170,uniform,1
1,21,20,96,3170,uniform,1
1,22,8,65,3170,uniform,1
1,23,10,77,3170,uniform,1
1,24,12,95,3170,uniform,1
1,25,20,55,3170,uniform,1
1,26,6,86,3170,uniform,1
1,27,17,98,3170,uniform,1
1,28,3,73,3170,uniform,1
1,29,23,81,3170,uniform,1
1,30,23,93,3170,uniform,1
1,31,7,80,3170,uniform,1
1,32,2,87,3170,uniform,1
1,33,2,59,3170,uniform,1
1,34,5,94,3170,uniform,1
1,35,4,86,3170,uniform,1
1,36,16,70,3170,uniform,1
1,37,11,79,3170,uniform,1
1,38,1,77,3170,uniform,1
1,39,69,87,3170,uniform,1
1,40,22,55,3170,uniform,1
1,41,1,61,3170,uniform,1
1,42,16,53,3170,uniform,1
1,43,9,70,3170,uniform,1
1,44,6,51,3170,uniform,1
1,45,78,87,3170,uniform,1
1,46,16,59,3170,uniform,1
1,47,17,59,3170,uniform,1
1,48,19,88,3170,uniform,1
1,49,3,68,3170,uniform,1
1,50,4,60,3170,uniform,1
1,51,12,58,3170,uniform,1
1,52,24,78,3170,uniform,1
1,53,9,66,3170,uniform,1
1,54,19,91,3170,uniform,1
1,55,22,69,3170,uniform,1
1,56,13,92,3170,uniform,1
1,57,23,83,3170,uniform,1
1,58,63,62,3170,uniform,1
1,59,91,59,3170,uniform,1
1,60,17,59,3170,uniform,1
1,61,14,53,3170,uniform,1
1,62,13,78,3170,uniform,1
1,63,5,53,3170,uniform,1
1,64,12,65,3170,uniform,1
1,65,16,79,3170,uniform,1
1,66,16,87,3170,uniform,1
1,67,65,85,3170,uniform,1
1,68,14,55,3170,uniform,1
1,69,24,86,3170,uniform,1
1,70,9,78,3170,uniform,1
1,71,6,97,3170,uniform,1
1,72,14,79,3170,uniform,1
1,73,20,77,3170,uniform,1
1,74,95,94,3170,uniform,1
1,75,16,62,3170,uniform,1
1,76,12,59,3170,uniform,1
1,77,19,52,3170,uniform,1
1,78,9,53,3170,uniform,1
1,79,7,76,3170,uniform,1
1,80,13,88,3170,uniform,1
1,81,21,57,3170,uniform,1
1,82,4,83,3170,uniform,1
1,83,16,61,3170,uniform,1
1,84,5,72,3170,uniform,1
1,85,2,52,3170,uniform,1
1,86,7,97,3170,uniform,1
1,87,14,77,3170,uniform,1
1,88,3,88,3170,uniform,1
1,89,1,53,3170,uniform,1
1,90,23,95,3170,uniform,1
1,91,6,95,3170,uniform,1
1,92,77,77,3170,uniform,1
1,93,51,84,3170,uniform,1
1,94,3,93,3170,uniform,1
1,95,10,81,3170,uniform,1
1,96,11,86,3170,uniform,1
1,97,18,56,3170,uniform,1
1,98,7,61,3170,uniform,1
1,99,21,59,3170,uniform,1
2,0,80,76,3208,uniform,2
2,1,52,67,3208,uniform,2
2,2,13,71,3208,uniform,2
2,3,13,97,3208,uniform,2
2,4,94,50,3208,uniform,2
2,5,4,71,3208,uniform,2
2,6,56,77,3208,uniform,2
2,7,10,82,3208,uniform,2
2,8,6,93,3208,uniform,2
2,9,1,63,3208,uniform,2
2,10,9,61,3208,uniform,2
2,11,20,56,3208,uniform,2
2,12,1,70,3208,uniform,2
2,13,5,60,3208,uniform,2
2,14,19,99,3208,uniform,2
2,15,5,50,3208,uniform,2
2,16,22,70,3208,uniform,2
2,17,95,90,3208,uniform,2
2,18,21,51,3208,uniform,2
2,19,14,71,3208,uniform,2
2,20,15,85,3208,uniform,2
2,21,15,91,3208,uniform,2
2,22,4,61,3208,uniform,2
2,23,64,58,3208,uniform,2
2,24,23,86,3208,uniform,2
2,25,1,52,3208,uniform,2
2,26,21,60,3208,uniform,2
2,27,5,91,3208,uniform,2
2,28,1,78,3208,uniform,2
2,29,4,95,3208,uniform,2
2,30,6,91,3208,uniform,2
2,31,16,97,3208,uniform,2
2,32,11,99,3208,uniform,2
2,33,12,57,3208,uniform,2
2,34,12,73,3208,uniform,2
2,35,10,93,3208,uniform,2
2,36,17,83,3208,uniform,2
2,37,22,93,3208,uniform,2
2,38,20,54,3208,uniform,2
2,39,16,63,3208,uniform,2
2,40,17,95,3208,uniform,2
2,41,13,81,3208,uniform,2
2,42,2,82,3208,uniform,2
2,43,14,94,3208,uniform,2
2,44,1,98,3208,uniform,2
2,45,12,94,3208,uniform,2
2,46,24,72,3208,uniform,2
2,47,7,82,3208,uniform,2
2,48,21,56,3208,uniform,2
2,49,5,73,3208,uniform,2
2,50,2,50,3208,uniform,2
2,51,5,60,3208,uniform,2
2,52,23,72,3208,uniform,2
2,53,2,62,3208,uniform,2
2,54,66,81,3208,uniform,2
2,55,22,87,3208,uniform,2
2,56,7,88,3208,uniform,2
2,57,15,97,3208,uniform,2
2,58,13,71,3208,uniform,2
2,59,10,73,3208,uniform,2
2,60,19,68,3208,uniform,2
2,61,9,68,3208,uniform,2
2,62,1,96,3208,uniform,2
2,63,5,96,3208,uniform,2
2,64,22,66,3208,uniform,2
2,65,57,86,3208,uniform,2
2,66,16,64,3208,uniform,2
2,67,3,57,3208,uniform,2
2,68,58,72,3208,uniform,2
2,69,18,98,3208,uniform,2
2,70,5,61,3208,uniform,2
2,71,23,59,3208,uniform,2
2,72,19,89,3208,uniform,2
2,73,17,94,3208,uniform,2
2,74,17,65,3208,uniform,2
2,75,22,92,3208,uniform,2
2,76,24,90,3208,uniform,2
2,77,13,88,3208,uniform,2
2,78,21,58,3208,uniform,2
2,79,19,89,3208,uniform,2
2,80,18,97,3208,uniform,2
2,81,6,96,3208,uniform,2
2,82,11,50,3208,uniform,2
2,83,89,81,3208,uniform,2
2,84,8,55,3208,uniform,2
2,85,7,95,3208,uniform,2
2,86,15,63,3208,uniform,2
2,87,1,82,3208,uniform,2
2,88,19,72,3208,uniform,2
2,89,20,80,3208,uniform,2
2,90,18,71,3208,uniform,2
2,91,13,84,3208,uniform,2
2,92,23,68,3208,uniform,2
2,93,23,84,3208,uniform,2
2,94,7,95,3208,uniform,2
2,95,10,68,3208,uniform,2
2,96,19,82,3208,uniform,2
2,97,2,96,3208,uniform,2
2,98,17,54,3208,uniform,2
2,99,20,89,3208,uniform,2
3,0,12,62,4901,uniform,3
3,1,6,57,4901,uniform,3
3,2,6,87,4901,uniform,3
3,3,15,99,4901,uniform,3
3,4,16,75,4901,uniform,3
3,5,5,83,4901,uniform,3
3,6,14,63,4901,uniform,3
3,7,24,89,4901,uniform,3
3,8,22,80,4901,uniform,3
3,9,21,50,4901,uniform,3
3,10,1,63,4901,uniform,3
3,11,3,95,4901,uniform,3
3,12,18,93,4901,uniform,3
3,13,22,76,4901,uniform,3
3,14,8,94,4901,uniform,3
3,15,15,55,4901,uniform,3
3,16,6,69,4901,uniform,3
3,17,14,95,4901,uniform,3
3,18,6,88,4901,uniform,3
3,19,24,89,4901,uniform,3
3,20,7,96,4901,uniform,3
3,21,22,94,4901,uniform,3
3,22,20,87,4901,uniform,3
3,23,24,77,4901,uniform,3
3,24,5,57,4901,uniform,3
3,25,71,65,4901,uniform,3
3,26,7,69,4901,uniform,3
3,27,5,71,4901,uniform,3
3,28,13,73,4901,uniform,3
3,29,8,91,4901,uniform,3
3,30,21,73,4901,uniform,3
3,31,10,75,4901,uniform,3
3,32,20,62,4901,uniform,3
3,33,12,58,4901,uniform,3
3,34,18,73,4901,uniform,3
3,35,51,72,4901,uniform,3
3,36,22,57,4901,uniform,3
3,37,16,81,4901,uniform,3
3,38,8,73,4901,uniform,3
3,39,13,65,4901,uniform,3
3,40,83,80,4901,uniform,3
3,41,13,84,4901,uniform,3
3,42,10,61,4901,uniform,3
3,43,99,60,4901,uniform,3
3,44,1,92,4901,uniform,3
3,45,23,74,4901,uniform,3
3,46,3,55,4901,uniform,3
3,47,22,67,4901,uniform,3
3,48,14,50,4901,uniform,3
3,49,2,51,4901,uniform,3
3,50,61,87,4901,uniform,3
3,51,63,82,4901,uniform,3
3,52,17,68,4901,uniform,3
3,53,21,60,4901,uniform,3
3,54,20,58,4901,uniform,3
3,55,7,99,4901,uniform,3
3,56,3,95,4901,uniform,3
3,57,21,80,4901,uniform,3
3,58,95,96,4901,uniform,3
3,59,12,98,4901,uniform,3
3,60,3,73,4901,uniform,3
3,61,9,64,4901,uniform,3
3,62,8,89,4901,uniform,3
3,63,7,54,4901,uniform,3
3,64,1,73,4901,uniform,3
3,65,18,82,4901,uniform,3
3,66,21,79,4901,uniform,3
3,67,13,78,4901,uniform,3
3,68,2,73,4901,uniform,3
3,69,17,57,4901,uniform,3
3,70,7,66,4901,uniform,3
3,71,14,96,4901,uniform,3
3,72,20,87,4901,uniform,3
3,73,23,80,4901,uniform,3
3,74,24,55,4901,uniform,3
3,75,24,66,4901,uniform,3
3,76,12,59,4901,uniform,3
3,77,21,55,4901,uniform,3
3,78,9,87,4901,uniform,3
3,79,8,72,4901,uniform,3
3,80,22,75,4901,uniform,3
3,81,19,73,4901,uniform,3
3,82,9,57,4901,uniform,3
3,83,12,87,4901,uniform,3
3,84,3,84,4901,uniform,3
3,85,18,54,4901,uniform,3
3,86,10,95,4901,uniform,3
3,87,4,90,4901,uniform,3
3,88,21,94,4901,uniform,3
3,89,2,66,4901,uniform,3
3,90,4,90,4901,uniform,3
3,91,89,50,4901,uniform,3
3,92,17,68,4901,uniform,3
3,93,83,95,4901,uniform,3
3,94,65,72,4901,uniform,3
3,95,15,64,4901,uniform,3
3,96,12,81,4901,uniform,3
3,97,24,90,4901,uniform,3
3,98,3,63,4901,uniform,3
3,99,21,64,4901,uniform,3
4,0,8,63,2939,normal,4
4,1,12,81,2939,normal,4
4,2,14,70,2939,normal,4
4,3,10,85,2939,normal,4
4,4,16,73,2939,normal,4
4,5,3,69,2939,normal,4
4,6,7,96,2939,normal,4
4,7,18,70,2939,normal,4
4,8,15,60,2939,normal,4
4,9,17,95,2939,normal,4
4,10,97,58,2939,normal,4
4,11,20,90,2939,normal,4
4,12,19,95,2939,normal,4
4,13,3,53,2939,normal,4
4,14,9,60,2939,normal,4
4,15,15,94,2939,normal,4
4,16,98,98,2939,normal,4
4,17,23,91,2939,normal,4
4,18,1,58,2939,normal,4
4,19,8,89,2939,normal,4
4,20,6,66,2939,normal,4
4,21,8,60,2939,normal,4
4,22,92,54,2939,normal,4
4,23,14,82,2939,normal,4
4,24,7,67,2939,normal,4
4,25,20,86,2939,normal,4
4,26,18,62,2939,normal,4
4,27,10,82,2939,normal,4
4,28,73,93,2939,normal,4
4,29,15,97,2939,normal,4
4,30,16,54,2939,normal,4
4,31,2,57,2939,normal,4
4,32,19,52,2939,normal,4
4,33,16,71,2939,normal,4
4,34,1,82,2939,normal,4
4,35,24,91,2939,normal,4
4,36,4,67,2939,normal,4
4,37,1,89,2939,normal,4
4,38,17,87,2939,normal,4
4,39,11,79,2939,normal,4
4,40,16,98,2939,normal,4
4,41,1,90,2939,normal,4
4,42,12,55,2939,normal,4
4,43,3,81,2939,normal,4
4,44,92,78,2939,normal,4
4,45,13,67,2939,normal,4
4,46,3,75,2939,normal,4
4,47,80,63,2939,normal,4
4,48,18,74,2939,normal,4
4,49,11,78,2939,normal,4
4,50,1,64,2939,normal,4
4,51,14,68,2939,normal,4
4,52,10,75,2939,normal,4
4,53,19,86,2939,normal,4
4,54,8,52,2939,normal,4
4,55,18,80,2939,normal,4
4,56,10,85,2939,normal,4
4,57,15,94,2939,normal,4
4,58,5,94,2939,normal,4
4,59,24,79,2939,normal,4
4,60,24,50,2939,normal,4
4,61,7,73,2939,normal,4
4,62,4,60,2939,normal,4
4,63,6,66,2939,normal,4
4,64,24,95,2939,normal,4
4,65,23,76,2939,normal,4
4,66,7,72,2939,normal,4
4,67,8,87,2939,normal,4
4,68,24,97,2939,normal,4
4,69,11,56,2939,normal,4
4,70,19,75,2939,normal,4
4,71,4,83,2939,normal,4
4,72,16,74,2939,normal,4
4,73,51,82,2939,normal,4
4,74,14,82,2939,normal,4
4,75,8,89,2939,normal,4
4,76,24,54,2939,normal,4
4,77,24,95,2939,normal,4
4,78,12,82,2939,normal,4
4,79,56,68,2939,normal,4
4,80,24,90,2939,normal,4
4,81,5,51,2939,normal,4
4,82,5,65,2939,normal,4
4,83,2,98,2939,normal,4
4,84,15,59,2939,normal,4
4,85,11,60,2939,normal,4
4,86,8,58,2939,normal,4
4,87,53,91,2939,normal,4
4,88,20,96,2939,normal,4
4,89,21,73,2939,normal,4
4,90,8,68,2939,normal,4
4,91,9,94,2939,normal,4
4,92,9,69,2939,normal,4
4,93,10,69,2939,normal,4
4,94,16,69,2939,normal,4
4,95,84,92,2939,normal,4
4,96,3,80,2939,normal,4
4,97,22,68,2939,normal,4
4,98,18,79,2939,normal,4
4,99,9,70,2939,normal,4
5,0,20,61,4564,exponential,5
5,1,9,74,4564,exponential,5
5,2,16,55,4564,exponential,5
5,3,10,86,4564,exponential,5
5,4,20,75,4564,exponential,5
5,5,20,50,4564,exponential,5
5,6,15,85,4564,exponential,5
5,7,2,73,4564,exponential,5
5,8,6,70,4564,exponential,5
5,9,17,80,4564,exponential,5
5,10,80,92,4564,exponential,5
5,11,11,74,4564,exponential,5
5,12,2,83,4564,exponential,5
5,13,24,85,4564,exponential,5
5,14,22,66,4564,exponential,5
5,15,23,96,4564,exponential,5
5,16,20,81,4564,exponential,5
5,17,23,51,4564,exponential,5
5,18,6,94,4564,exponential,5
5,19,12,70,4564,exponential,5
5,20,13,62,4564,exponential,5
5,21,15,95,4564,exponential,5
5,22,14,71,4564,exponential,5
5,23,96,89,4564,exponential,5
5,24,95,65,4564,exponential,5
5,25,19,66,4564,exponential,5
5,26,20,79,4564,exponential,5
5,27,21,60,4564,exponential,5
5,28,6,50,4564,exponential,5
5,29,21,95,4564,exponential,5
5,30,20,66,4564,exponential,5
5,31,19,95,4564,exponential,5
5,32,18,85,4564,exponential,5
5,33,2,50,4564,exponential,5
5,34,23,64,4564,exponential,5
5,35,12,65,4564,exponential,5
5,36,16,54,4564,exponential,5
5,37,3,70,4564,exponential,5
5,38,1,78,4564,exponential,5
5,39,9,60,4564,exponential,5
5,40,7,73,4564,exponential,5
5,41,79,67,4564,exponential,5
5,42,8,52,4564,exponential,5
5,43,2,50,4564,exponential,5
5,44,11,56,4564,exponential,5
5,45,9,80,4564,exponential,5
5,46,22,99,4564,exponential,5
5,47,13,66,4564,exponential,5
5,48,8,96,4564,exponential,5
5,49,81,91,4564,exponential,5
5,50,66,70,4564,exponential,5
5,51,18,94,4564,exponential,5
5,52,21,94,4564,exponential,5
5,53,1,71,4564,exponential,5
5,54,2,52,4564,exponential,5
5,55,5,88,4564,exponential,5
5,56,12,81,4564,exponential,5
5,57,19,77,4564,exponential,5
5,58,4,91,4564,exponential,5
5,59,3,66,4564,exponential,5
5,60,6,97,4564,exponential,5
5,61,6,86,4564,exponential,5
5,62,99,55,4564,exponential,5
5,63,22,66,4564,exponential,5
5,64,7,78,4564,exponential,5
5,65,81,91,4564,exponential,5
5,66,24,75,4564,exponential,5
5,67,3,76,4564,exponential,5
5,68,9,81,4564,exponential,5
5,69,19,92,4564,exponential,5
5,70,56,87,4564,exponential,5
5,71,9,73,4564,exponential,5
5,72,21,75,4564,exponential,5
5,73,2,91,4564,exponential,5
5,74,5,82,4564,exponential,5
5,75,22,64,4564,exponential,5
5,76,4,55,4564,exponential,5
5,77,2,56,4564,exponential,5
5,78,3,56,4564,exponential,5
5,79,9,96,4564,exponential,5
5,80,13,81,4564,exponential,5
5,81,13,65,4564,exponential,5
5,82,13,53,4564,exponential,5
5,83,11,73,4564,exponential,5
5,84,13,63,4564,exponential,5
5,85,10,76,4564,exponential,5
5,86,4,94,4564,exponential,5
5,87,10,99,4564,exponential,5
5,88,95,73,4564,exponential,5
5,89,2,84,4564,exponential,5
5,90,21,78,4564,exponential,5
5,91,15,81,4564,exponential,5
5,92,4,62,4564,exponential,5
5,93,15,82,4564,exponential,5
5,94,9,90,4564,exponential,5
5,95,14,70,4564,exponential,5
5,96,24,67,4564,exponential,5
5,97,17,70,4564,exponential,5
5,98,24,74,4564,exponential,5
5,99,17,86,4564,exponential,5
6,0,16,67,3183,uniform,6
6,1,6,67,3183,uniform,6
6,2,15,63,3183,uniform,6
6,3,1,60,3183,uniform,6
6,4,22,92,3183,uniform,6
6,5,78,60,3183,uniform,6
6,6,2,85,3183,uniform,6
6,7,1,82,3183,uniform,6
6,8,20,63,3183,uniform,6
6,9,16,53,3183,uniform,6
6,10,12,86,3183,uniform,6
6,11,4,93,3183,uniform,6
6,12,7,70,3183,uniform,6
6,13,9,82,3183,uniform,6
6,14,6,98,3183,uniform,6
6,15,1,78,3183,uniform,6
6,16,24,58,3183,uniform,6
6,17,51,52,3183,uniform,6
6,18,23,62,3183,uniform,6
6,19,16,99,3183,uniform,6
6,20,4,58,3183,uniform,6
6,21,14,54,3183,uniform,6
6,22,10,73,3183,uniform,6
6,23,3,65,3183,uniform,6
6,24,15,95,3183,uniform,6
6,25,6,53,3183,uniform,6
6,26,15,95,3183,uniform,6
6,27,24,85,3183,uniform,6
6,28,18,77,3183,uniform,6
6,29,11,57,3183,uniform,6
6,30,18,83,3183,uniform,6
6,31,20,52,3183,uniform,6
6,32,4,54,3183,uniform,6
6,33,17,89,3183,uniform,6
6,34,4,74,3183,uniform,6
6,35,10,70,3183,uniform,6
6,36,15,76,3183,uniform,6
6,37,1,92,3183,uniform,6
6,38,23,81,3183,uniform,6
6,39,9,75,3183,uniform,6
6,40,96,52,3183,uniform,6
6,41,1,59,3183,uniform,6
6,42,7,66,3183,uniform,6
6,43,20,53,3183,uniform,6
6,44,21,59,3183,uniform,6
6,45,3,75,3183,uniform,6
6,46,5,94,3183,uniform,6
6,47,63,83,3183,uniform,6
6,48,4,82,3183,uniform,6
6,49,6,63,3183,uniform,6
6,50,13,63,3183,uniform,6
6,51,20,74,3183,uniform,6
6,52,6,51,3183,uniform,6
6,53,13,63,3183,uniform,6
6,54,22,85,3183,uniform,6
6,55,2,91,3183,uniform,6
6,56,11,57,3183,uniform,6
6,57,13,60,3183,uniform,6
6,58,18,84,3183,uniform,6
6,59,7,87,3183,uniform,6
6,60,55,69,3183,uniform,6
6,61,17,55,3183,uniform,6
6,62,23,54,3183,uniform,6
6,63,10,60,3183,uniform,6
6,64,14,79,3183,uniform,6
6,65,19,85,3183,uniform,6
6,66,1,75,3183,uniform,6
6,67,5,59,3183,uniform,6
6,68,6,78,3183,uniform,6
6,69,13,96,3183,uniform,6
6,70,3,54,3183,uniform,6
6,71,3,69,3183,uniform,6
6,72,14,74,3183,uniform,6
6,73,11,88,3183,uniform,6
6,74,19,84,3183,uniform,6
6,75,19,51,3183,uniform,6
6,76,5,88,3183,uniform,6
6,77,87,51,3183,uniform,6
6,78,21,79,3183,uniform,6
6,79,5,86,3183,uniform,6
6,80,17,60,3183,uniform,6
6,81,56,83,3183,uniform,6
6,82,5,70,3183,uniform,6
6,83,2,84,3183,uniform,6
6,84,14,98,3183,uniform,6
6,85,23,83,3183,uniform,6
6,86,6,62,3183,uniform,6
6,87,8,89,3183,uniform,6
6,88,99,84,3183,uniform,6
6,89,10,74,3183,uniform,6
6,90,66,62,3183,uniform,6
6,91,10,84,3183,uniform,6
6,92,5,98,3183,uniform,6
6,93,23,84,3183,uniform,6
6,94,21,78,3183,uniform,6
6,95,23,72,3183,uniform,6
6,96,15,94,3183,uniform,6
6,97,1,85,3183,uniform,6
6,98,1,52,3183,uniform,6
6,99,81,51,3183,uniform,6
7,0,21,95,3507,normal,7
7,1,9,89,3507,normal,7
7,2,19,64,3507,normal,7
7,3,20,76,3507,normal,7
7,4,11,81,3507,normal,7
7,5,18,84,3507,normal,7
7,6,14,57,3507,normal,7
7,7,7,67,3507,normal,7
7,8,9,74,3507,normal,7
7,9,9,52,3507,normal,7
7,10,24,82,3507,normal,7
7,11,19,55,3507,normal,7
7,12,24,53,3507,normal,7
7,13,22,81,3507,normal,7
7,14,14,64,3507,normal,7
7,15,2,58,3507,normal,7
7,16,20,76,3507,normal,7
7,17,4,87,3507,normal,7
7,18,2,81,3507,normal,7
7,19,15,98,3507,normal,7
7,20,16,78,3507,normal,7
7,21,12,53,3507,normal,7
7,22,4,51,3507,normal,7
7,23,15,78,3507,normal,7
7,24,14,73,3507,normal,7
7,25,7,67,3507,normal,7
7,26,7,96,3507,normal,7
7,27,19,66,3507,normal,7
7,28,5,91,3507,normal,7
7,29,21,72,3507,normal,7
7,30,1,96,3507,normal,7
7,31,9,89,3507,normal,7
7,32,11,62,3507,normal,7
7,33,11,57,3507,normal,7
7,34,14,89,3507,normal,7
7,35,75,79,3507,normal,7
7,36,21,89,3507,normal,7
7,37,72,82,3507,normal,7
7,38,20,93,3507,normal,7
7,39,3,52,3507,normal,7
7,40,19,52,3507,normal,7
7,41,20,60,3507,normal,7
7,42,12,86,3507,normal,7
7,43,21,67,3507,normal,7
7,44,4,51,3507,normal,7
7,45,12,68,3507,normal,7
7,46,2,53,3507,normal,7
7,47,6,95,3507,normal,7
7,48,84,98,3507,normal,7
7,49,8,67,3507,normal,7
7,50,4,75,3507,normal,7
7,51,14,57,3507,normal,7
7,52,8,71,3507,normal,7
7,53,24,54,3507,normal,7
7,54,20,95,3507,normal,7
7,55,63,91,3507,normal,7
7,56,16,55,3507,normal,7
7,57,10,63,3507,normal,7
7,58,21,87,3507,normal,7
7,59,6,57,3507,normal,7
7,60,6,55,3507,normal,7
7,61,69,55,3507,normal,7
7,62,13,50,3507,normal,7
7,63,13,99,3507,normal,7
7,64,8,88,3507,normal,7
7,65,5,59,3507,normal,7
7,66,19,83,3507,normal,7
7,67,59,59,3507,normal,7
7,68,18,66,3507,normal,7
7,69,10,69,3507,normal,7
7,70,13,98,3507,normal,7
7,71,7,63,3507,normal,7
7,72,7,85,3507,normal,7
7,73,4,84,3507,normal,7
7,74,10,95,3507,normal,7
7,75,23,95,3507,normal,7
7,76,14,97,3507,normal,7
7,77,81,95,3507,normal,7
7,78,18,51,3507,normal,7
7,79,4,50,3507,normal,7
7,80,21,50,3507,normal,7
7,81,89,51,3507,normal,7
7,82,17,77,3507,normal,7
7,83,5,59,3507,normal,7
7,84,22,62,3507,normal,7
7,85,18,82,3507,normal,7
7,86,10,81,3507,normal,7
7,87,4,89,3507,normal,7
7,88,20,62,3507,normal,7
7,89,5,53,3507,normal,7
7,90,53,99,3507,normal,7
7,91,2,83,3507,normal,7
7,92,20,53,3507,normal,7
7,93,12,65,3507,normal,7
7,94,19,54,3507,normal,7
7,95,93,85,3507,normal,7
7,96,15,73,3507,normal,7
7,97,13,65,3507,normal,7
7,98,10,94,3507,normal,7
7,99,10,59,3507,normal,7
8,0,53,85,2807,uniform,8
8,1,91,57,2807,uniform,8
8,2,3,70,2807,uniform,8
8,3,14,51,2807,uniform,8
8,4,14,71,2807,uniform,8
8,5,10,82,2807,uniform,8
8,6,3,52,2807,uniform,8
8,7,19,55,2807,uniform,8
8,8,10,69,2807,uniform,8
8,9,61,97,2807,uniform,8
8,10,2,72,2807,uniform,8
8,11,9,60,2807,uniform,8
8,12,22,71,2807,uniform,8
8,13,72,66,2807,uniform,8
8,14,17,67,2807,uniform,8
8,15,19,85,2807,uniform,8
8,16,2,51,2807,uniform,8
8,17,12,87,2807,uniform,8
8,18,2,84,2807,uniform,8
8,19,1,63,2807,uniform,8
8,20,21,63,2807,uniform,8
8,21,14,67,2807,uniform,8
8,22,8,84,2807,uniform,8
8,23,18,61,2807,uniform,8
8,24,3,69,2807,uniform,8
8,25,11,85,2807,uniform,8
8,26,15,60,2807,uniform,8
8,27,3,92,2807,uniform,8
8,28,18,58,2807,uniform,8
8,29,3,91,2807,uniform,8
8,30,22,63,2807,uniform,8
8,31,18,99,2807,uniform,8
8,32,15,52,2807,uniform,8
8,33,15,90,2807,uniform,8
8,34,5,79,2807,uniform,8
8,35,20,77,2807,uniform,8
8,36,23,60,2807,uniform,8
8,37,22,63,2807,uniform,8
8,38,7,72,2807,uniform,8
8,39,59,57,2807,uniform,8
8,40,19,85,2807,uniform,8
8,41,20,52,2807,uniform,8
8,42,16,51,2807,uniform,8
8,43,6,70,2807,uniform,8
8,44,21,62,2807,uniform,8
8,45,4,74,2807,uniform,8
8,46,21,95,2807,uniform,8
8,47,4,70,2807,uniform,8
8,48,21,84,2807,uniform,8
8,49,19,61,2807,uniform,8
8,50,3,83,2807,uniform,8
8,51,68,74,2807,uniform,8
8,52,13,81,2807,uniform,8
8,53,6,75,2807,uniform,8
8,54,2,97,2807,uniform,8
8,55,5,98,2807,uniform,8
8,56,18,51,2807,uniform,8
8,57,18,98,2807,uniform,8
8,58,11,59,2807,uniform,8
8,59,23,96,2807,uniform,8
8,60,15,70,2807,uniform,8
8,61,10,74,2807,uniform,8
8,62,14,54,2807,uniform,8
8,63,2,51,2807,uniform,8
8,64,8,62,2807,uniform,8
8,65,20,88,2807,uniform,8
8,66,6,91,2807,uniform,8
8,67,18,83,2807,uniform,8
8,68,62,99,2807,uniform,8
8,69,21,93,2807,uniform,8
8,70,11,93,2807,uniform,8
8,71,16,67,2807,uniform,8
8,72,5,97,2807,uniform,8
8,73,18,59,2807,uniform,8
8,74,3,64,2807,uniform,8
8,75,21,72,2807,uniform,8
8,76,1,71,2807,uniform,8
8,77,18,52,2807,uniform,8
8,78,22,62,2807,uniform,8
8,79,4,75,2807,uniform,8
8,80,16,65,2807,uniform,8
8,81,23,82,2807,uniform,8
8,82,23,93,2807,uniform,8
8,83,3,63,2807,uniform,8
8,84,20,69,2807,uniform,8
8,85,15,67,2807,uniform,8
8,86,61,72,2807,uniform,8
8,87,11,72,2807,uniform,8
8,88,1,94,2807,uniform,8
8,89,15,53,2807,uniform,8
8,90,15,51,2807,uniform,8
8,91,24,75,2807,uniform,8
8,92,3,60,2807,uniform,8
8,93,62,58,2807,uniform,8
8,94,11,99,2807,uniform,8
8,95,18,84,2807,uniform,8
8,96,20,60,2807,uniform,8
8,97,69,86,2807,uniform,8
8,98,13,78,2807,uniform,8
8,99,10,63,2807,uniform,8
9,0,19,85,3154,exponential,9
9,1,23,74,3154,exponential,9
9,2,4,50,3154,exponential,9
9,3,24,89,3154,exponential,9
9,4,15,97,3154,exponential,9
9,5,20,82,3154,exponential,9
9,6,23,55,3154,exponential,9
9,7,7,94,3154,exponential,9
9,8,20,61,3154,exponential,9
9,9,5,72,3154,exponential,9
9,10,19,50,3154,exponential,9
9,11,23,93,3154,exponential,9
9,12,11,71,3154,exponential,9
9,13,5,76,3154,exponential,9
9,14,16,70,3154,exponential,9
9,15,13,53,3154,exponential,9
9,16,78,82,3154,exponential,9
9,17,1,85,3154,exponential,9
9,18,7,90,3154,exponential,9
9,19,20,66,3154,exponential,9
9,20,17,88,3154,exponential,9
9,21,15,58,3154,exponential,9
9,22,9,75,3154,exponential,9
9,23,21,67,3154,exponential,9
9,24,24,76,3154,exponential,9
9,25,11,92,3154,exponential,9
9,26,64,63,3154,exponential,9
9,27,4,89,3154,exponential,9
9,28,21,90,3154,exponential,9
9,29,21,83,3154,exponential,9
9,30,21,93,3154,exponential,9
9,31,10,74,3154,exponential,9
9,32,79,74,3154,exponential,9
9,33,3,70,3154,exponential,9
9,34,56,56,3154,exponential,9
9,35,5,99,3154,exponential,9
9,36,2,69,3154,exponential,9
9,37,9,93,3154,exponential,9
9,38,15,71,3154,exponential,9
9,39,9,70,3154,exponential,9
9,40,1,82,3154,exponential,9
9,41,3,99,3154,exponential,9
9,42,2,57,3154,exponential,9
9,43,6,52,3154,exponential,9
9,44,4,60,3154,exponential,9
9,45,8,78,3154,exponential,9
9,46,19,72,3154,exponential,9
9,47,7,54,3154,exponential,9
9,48,14,65,3154,exponential,9
9,49,4,72,3154,exponential,9
9,50,9,96,3154,exponential,9
9,51,7,86,3154,exponential,9
9,52,72,94,3154,exponential,9
9,53,14,62,3154,exponential,9
9,54,18,98,3154,exponential,9
9,55,1,71,3154,exponential,9
9,56,5,75,3154,exponential,9
9,57,15,56,3154,exponential,9
9,58,3,78,3154,exponential,9
9,59,21,51,3154,exponential,9
9,60,17,88,3154,exponential,9
9,61,18,92,3154,exponential,9
9,62,13,88,3154,exponential,9
9,63,14,81,3154,exponential,9
9,64,7,81,3154,exponential,9
9,65,3,58,3154,exponential,9
9,66,13,81,3154,exponential,9
9,67,16,63,3154,exponential,9
9,68,23,93,3154,exponential,9
9,69,18,58,3154,exponential,9
9,70,1,52,3154,exponential,9
9,71,24,77,3154,exponential,9
9,72,2,51,3154,exponential,9
9,73,88,66,3154,exponential,9
9,74,14,75,3154,exponential,9
9,75,62,97,3154,exponential,9
9,76,20,80,3154,exponential,9
9,77,17,75,3154,exponential,9
9,78,9,84,3154,exponential,9
9,79,83,89,3154,exponential,9
9,80,15,73,3154,exponential,9
9,81,2,67,3154,exponential,9
9,82,10,73,3154,exponential,9
9,83,50,99,3154,exponential,9
9,84,7,67,3154,exponential,9
9,85,22,73,3154,exponential,9
9,86,15,82,3154,exponential,9
9,87,11,97,3154,exponential,9
9,88,16,96,3154,exponential,9
9,89,16,50,3154,exponential,9
9,90,21,67,3154,exponential,9
9,91,16,64,3154,exponential,9
9,92,2,56,3154,exponential,9
9,93,77,96,3154,exponential,9
9,94,18,68,3154,exponential,9
9,95,10,53,3154,exponential,9
9,96,7,83,3154,exponential,9
9,97,4,51,3154,exponential,9
9,98,22,96,3154,exponential,9
9,99,14,50,3154,exponential,9
10,0,19,80,3143,normal,10
10,1,5,70,3143,normal,10
10,2,22,80,3143,normal,10
10,3,94,79,3143,normal,10
10,4,10,63,3143,normal,10
10,5,14,84,3143,normal,10
10,6,6,67,3143,normal,10
10,7,19,73,3143,normal,10
10,8,24,92,3143,normal,10
10,9,21,84,3143,normal,10
10,10,13,66,3143,normal,10
10,11,3,56,3143,normal,10
10,12,3,93,3143,normal,10
10,13,17,74,3143,normal,10
10,14,14,77,3143,normal,10
10,15,16,73,3143,normal,10
10,16,51,65,3143,normal,10
10,17,20,75,3143,normal,10
10,18,19,97,3143,normal,10
10,19,16,91,3143,normal,10
10,20,99,63,3143,normal,10
10,21,97,78,3143,normal,10
10,22,23,99,3143,normal,10
10,23,4,58,3143,normal,10
10,24,15,83,3143,normal,10
10,25,3,84,3143,normal,10
10,26,4,90,3143,normal,10
10,27,10,52,3143,normal,10
10,28,12,70,3143,normal,10
10,29,4,67,3143,normal,10
10,30,19,67,3143,normal,10
10,31,5,78,3143,normal,10
10,32,10,52,3143,normal,10
10,33,17,95,3143,normal,10
10,34,5,88,3143,normal,10
10,35,14,88,3143,normal,10
10,36,9,82,3143,normal,10
10,37,9,69,3143,normal,10
10,38,1,53,3143,normal,10
10,39,22,59,3143,normal,10
10,40,2,65,3143,normal,10
10,41,80,66,3143,normal,10
10,42,13,86,3143,normal,10
10,43,16,94,3143,normal,10
10,44,16,79,3143,normal,10
10,45,13,91,3143,normal,10
10,46,6,52,3143,normal,10
10,47,17,67,3143,normal,10
10,48,24,67,3143,normal,10
10,49,19,74,3143,normal,10
10,50,1,88,3143,normal,10
10,51,6,80,3143,normal,10
10,52,18,98,3143,normal,10
10,53,12,60,3143,normal,10
10,54,23,78,3143,normal,10
10,55,61,76,3143,normal,10
10,56,15,51,3143,normal,10
10,57,14,54,3143,normal,10
10,58,20,51,3143,normal,10
10,59,19,58,3143,normal,10
10,60,21,78,3143,normal,10
10,61,10,60,3143,normal,10
10,62,7,73,3143,normal,10
10,63,5,82,3143,normal,10
10,64,1,99,3143,normal,10
10,65,6,83,3143,normal,10
10,66,16,87,3143,normal,10
10,67,12,88,3143,normal,10
10,68,17,53,3143,normal,10
10,69,79,79,3143,normal,10
10,70,1,51,3143,normal,10
10,71,5,55,3143,normal,10
10,72,5,73,3143,normal,10
10,73,88,69,3143,normal,10
10,74,8,99,3143,normal,10
10,75,2,83,3143,normal,10
10,76,5,58,3143,normal,10
10,77,24,69,3143,normal,10
10,78,14,90,3143,normal,10
10,79,11,56,3143,normal,10
10,80,14,96,3143,normal,10
10,81,8,93,3143,normal,10
10,82,21,78,3143,normal,10
10,83,16,71,3143,normal,10
10,84,3,89,3143,normal,10
10,85,12,67,3143,normal,10
10,86,19,54,3143,normal,10
10,87,11,75,3143,normal,10
10,88,22,55,3143,normal,10
10,89,18,67,3143,normal,10
10,90,23,54,3143,normal,10
10,91,3,72,3143,normal,10
10,92,13,81,3143,normal,10
10,93,1,92,3143,normal,10
10,94,86,79,3143,normal,10
10,95,14,76,3143,normal,10
10,96,86,89,3143,normal,10
10,97,4,87,3143,normal,10
10,98,18,63,3143,normal,10
10,99,22,71,3143,normal,10
11,0,14,72,2914,normal,11
11,1,3,68,2914,normal,11
11,2,14,60,2914,normal,11
11,3,24,81,2914,normal,11
11,4,6,84,2914,normal,11
11,5,5,87,2914,normal,11
11,6,3,95,2914,normal,11
11,7,24,69,2914,normal,11
11,8,16,89,2914,normal,11
11,9,19,90,2914,normal,11
11,10,19,96,2914,normal,11
11,11,6,98,2914,normal,11
11,12,19,57,2914,normal,11
11,13,17,98,2914,normal,11
11,14,8,75,2914,normal,11
11,15,17,64,2914,normal,11
11,16,64,70,2914,normal,11
11,17,12,74,2914,normal,11
11,18,7,82,2914,normal,11
11,19,22,84,2914,normal,11
11,20,20,58,2914,normal,11
11,21,9,63,2914,normal,11
11,22,2,91,2914,normal,11
11,23,15,61,2914,normal,11
11,24,20,53,2914,normal,11
11,25,20,94,2914,normal,11
11,26,83,88,2914,normal,11
11,27,67,86,2914,normal,11
11,28,11,82,2914,normal,11
11,29,15,82,2914,normal,11
11,30,22,51,2914,normal,11
11,31,76,80,2914,normal,11
11,32,53,55,2914,normal,11
11,33,3,71,2914,normal,11
11,34,14,77,2914,normal,11
11,35,16,70,2914,normal,11
11,36,12,79,2914,normal,11
11,37,11,68,2914,normal,11
11,38,22,81,2914,normal,11
11,39,10,74,2914,normal,11
11,40,5,88,2914,normal,11
11,41,2,98,2914,normal,11
11,42,70,98,2914,normal,11
11,43,6,67,2914,normal,11
11,44,7,75,2914,normal,11
11,45,1,69,2914,normal,11
11,46,7,93,2914,normal,11
11,47,11,82,2914,normal,11
11,48,10,71,2914,normal,11
11,49,18,84,2914,normal,11
11,50,11,65,2914,normal,11
11,51,17,83,2914,normal,11
11,52,99,67,2914,normal,11
11,53,64,89,2914,normal,11
11,54,13,61,2914,normal,11
11,55,53,75,2914,normal,11
11,56,11,61,2914,normal,11
11,57,16,93,2914,normal,11
11,58,4,78,2914,normal,11
11,59,23,57,2914,normal,11
11,60,22,74,2914,normal,11
11,61,17,85,2914,normal,11
11,62,19,97,2914,normal,11
11,63,13,83,2914,normal,11
11,64,17,84,2914,normal,11
11,65,98,99,2914,normal,11
11,66,5,87,2914,normal,11
11,67,8,57,2914,normal,11
11,68,13,78,2914,normal,11
11,69,16,70,2914,normal,11
11,70,5,58,2914,normal,11
11,71,17,97,2914,normal,11
11,72,9,68,2914,normal,11
11,73,22,70,2914,normal,11
11,74,13,83,2914,normal,11
11,75,3,52,2914,normal,11
11,76,22,94,2914,normal,11
11,77,14,54,2914,normal,11
11,78,3,75,2914,normal,11
11,79,11,94,2914,normal,11
11,80,13,54,2914,normal,11
11,81,3,99,2914,normal,11
11,82,21,51,2914,normal,11
11,83,18,83,2914,normal,11
11,84,18,54,2914,normal,11
11,85,17,55,2914,normal,11
11,86,2,65,2914,normal,11
11,87,6,51,2914,normal,11
11,88,14,89,2914,normal,11
11,89,6,64,2914,normal,11
11,90,6,55,2914,normal,11
11,91,14,97,2914,normal,11
11,92,23,63,2914,normal,11
11,93,7,83,2914,normal,11
11,94,21,83,2914,normal,11
11,95,3,93,2914,normal,11
11,96,2,99,2914,normal,11
11,97,6,81,2914,normal,11
11,98,9,87,2914,normal,11
11,99,4,75,2914,normal,11
12,0,1,76,3535,exponential,12
12,1,10,72,3535,exponential,12
12,2,12,92,3535,exponential,12
12,3,13,59,3535,exponential,12
12,4,19,60,3535,exponential,12
12,5,7,57,3535,exponential,12
12,6,24,70,3535,exponential,12
12,7,15,89,3535,exponential,12
12,8,19,94,3535,exponential,12
12,9,93,52,3535,exponential,12
12,10,14,77,3535,exponential,12
12,11,18,97,3535,exponential,12
12,12,13,68,3535,exponential,12
12,13,13,86,3535,exponential,12
12,14,7,90,3535,exponential,12
12,15,16,72,3535,exponential,12
12,16,7,99,3535,exponential,12
12,17,7,88,3535,exponential,12
12,18,15,87,3535,exponential,12
12,19,19,51,3535,exponential,12
12,20,8,85,3535,exponential,12
12,21,21,72,3535,exponential,12
12,22,22,90,3535,exponential,12
12,23,12,90,3535,exponential,12
12,24,98,98,3535,exponential,12
12,25,12,82,3535,exponential,12
12,26,16,81,3535,exponential,12
12,27,7,72,3535,exponential,12
12,28,11,82,3535,exponential,12
12,29,18,50,3535,exponential,12
12,30,17,74,3535,exponential,12
12,31,5,89,3535,exponential,12
12,32,22,95,3535,exponential,12
12,33,15,53,3535,exponential,12
12,34,3,59,3535,exponential,12
12,35,8,90,3535,exponential,12
12,36,23,77,3535,exponential,12
12,37,9,95,3535,exponential,12
12,38,16,50,3535,exponential,12
12,39,19,54,3535,exponential,12
12,40,18,56,3535,exponential,12
12,41,16,66,3535,exponential,12
12,42,10,68,3535,exponential,12
12,43,22,87,3535,exponential,12
12,44,12,97,3535,exponential,12
12,45,10,92,3535,exponential,12
12,46,13,75,3535,exponential,12
12,47,4,84,3535,exponential,12
12,48,22,75,3535,exponential,12
12,49,5,93,3535,exponential,12
12,50,18,93,3535,exponential,12
12,51,10,82,3535,exponential,12
12,52,9,59,3535,exponential,12
12,53,71,66,3535,exponential,12
12,54,9,65,3535,exponential,12
12,55,21,53,3535,exponential,12
12,56,21,73,3535,exponential,12
12,57,23,58,3535,exponential,12
12,58,89,76,3535,exponential,12
12,59,84,89,3535,exponential,12
12,60,8,52,3535,exponential,12
12,61,80,77,3535,exponential,12
12,62,24,73,3535,exponential,12
12,63,6,67,3535,exponential,12
12,64,9,74,3535,exponential,12
12,65,23,57,3535,exponential,12
12,66,13,58,3535,exponential,12
12,67,20,67,3535,exponential,12
12,68,20,95,3535,exponential,12
12,69,7,94,3535,exponential,12
12,70,16,60,3535,exponential,12
12,71,12,67,3535,exponential,12
12,72,92,92,3535,exponential,12
12,73,17,74,3535,exponential,12
12,74,4,64,3535,exponential,12
12,75,1,74,3535,exponential,12
12,76,15,60,3535,exponential,12
12,77,20,67,3535,exponential,12
12,78,14,74,3535,exponential,12
12,79,6,56,3535,exponential,12
12,80,7,92,3535,exponential,12
12,81,15,75,3535,exponential,12
12,82,20,53,3535,exponential,12
12,83,22,53,3535,exponential,12
12,84,24,52,3535,exponential,12
12,85,7,79,3535,exponential,12
12,86,8,63,3535,exponential,12
12,87,58,53,3535,exponential,12
12,88,6,56,3535,exponential,12
12,89,6,67,3535,exponential,12
12,90,22,55,3535,exponential,12
12,91,58,66,3535,exponential,12
12,92,10,85,3535,exponential,12
12,93,14,78,3535,exponential,12
12,94,13,74,3535,exponential,12
12,95,63,59,3535,exponential,12
12,96,20,89,3535,exponential,12
12,97,14,76,3535,exponential,12
12,98,3,74,3535,exponential,12
12,99,1,87,3535,exponential,12
13,0,24,75,4673,uniform,13
13,1,12,83,4673,uniform,13
13,2,2,66,4673,uniform,13
13,3,9,65,4673,uniform,13
13,4,4,77,4673,uniform,13
13,5,14,73,4673,uniform,13
13,6,10,76,4673,uniform,13
13,7,11,93,4673,uniform,13
13,8,19,98,4673,uniform,13
13,9,10,88,4673,uniform,13
13,10,14,62,4673,uniform,13
13,11,19,60,4673,uniform,13
13,12,18,52,4673,uniform,13
13,13,10,83,4673,uniform,13
13,14,14,72,4673,uniform,13
13,15,6,86,4673,uniform,13
13,16,5,73,4673,uniform,13
13,17,20,60,4673,uniform,13
13,18,16,65,4673,uniform,13
13,19,94,97,4673,uniform,13
13,20,21,87,4673,uniform,13
13,21,9,81,4673,uniform,13
13,22,21,72,4673,uniform,13
13,23,13,64,4673,uniform,13
13,24,12,78,4673,uniform,13
13,25,63,74,4673,uniform,13
13,26,98,99,4673,uniform,13
13,27,17,56,4673,uniform,13
13,28,8,55,4673,uniform,13
13,29,22,73,4673,uniform,13
13,30,16,79,4673,uniform,13
13,31,1,98,4673,uniform,13
13,32,23,60,4673,uniform,13
13,33,21,64,4673,uniform,13
13,34,22,67,4673,uniform,13
13,35,7,97,4673,uniform,13
13,36,17,88,4673,uniform,13
13,37,22,97,4673,uniform,13
13,38,22,53,4673,uniform,13
13,39,7,60,4673,uniform,13
13,40,5,50,4673,uniform,13
13,41,4,83,4673,uniform,13
13,42,17,54,4673,uniform,13
13,43,13,63,4673,uniform,13
13,44,14,77,4673,uniform,13
13,45,9,62,4673,uniform,13
13,46,17,81,4673,uniform,13
13,47,56,89,4673,uniform,13
13,48,7,66,4673,uniform,13
13,49,23,58,4673,uniform,13
13,50,1,81,4673,uniform,13
13,51,55,81,4673,uniform,13
13,52,5,68,4673,uniform,13
13,53,23,66,4673,uniform,13
13,54,20,86,4673,uniform,13
13,55,10,51,4673,uniform,13
13,56,23,51,4673,uniform,13
13,57,80,90,4673,uniform,13
13,58,2,64,4673,uniform,13
13,59,1,85,4673,uniform,13
13,60,3,73,4673,uniform,13
13,61,9,69,4673,uniform,13
13,62,8,91,4673,uniform,13
13,63,3,97,4673,uniform,13
13,64,2,66,4673,uniform,13
13,65,8,74,4673,uniform,13
13,66,1,78,4673,uniform,13
13,67,24,50,4673,uniform,13
13,68,15,83,4673,uniform,13
13,69,4,88,4673,uniform,13
13,70,9,86,4673,uniform,13
13,71,18,67,4673,uniform,13
13,72,12,60,4673,uniform,13
13,73,9,77,4673,uniform,13
13,74,7,72,4673,uniform,13
13,75,22,87,4673,uniform,13
13,76,6,89,4673,uniform,13
13,77,56,86,4673,uniform,13
13,78,22,61,4673,uniform,13
13,79,23,78,4673,uniform,13
13,80,20,54,4673,uniform,13
13,81,7,52,4673,uniform,13
13,82,20,65,4673,uniform,13
13,83,11,92,4673,uniform,13
13,84,14,97,4673,uniform,13
13,85,20,94,4673,uniform,13
13,86,23,57,4673,uniform,13
13,87,76,56,4673,uniform,13
13,88,22,70,4673,uniform,13
13,89,3,57,4673,uniform,13
13,90,6,90,4673,uniform,13
13,91,9,68,4673,uniform,13
13,92,19,96,4673,uniform,13
13,93,23,53,4673,uniform,13
13,94,63,79,4673,uniform,13
13,95,20,95,4673,uniform,13
13,96,12,65,4673,uniform,13
13,97,4,99,4673,uniform,13
13,98,10,82,4673,uniform,13
13,99,97,55,4673,uniform,13
14,0,18,88,3601,normal,14
14,1,21,77,3601,normal,14
14,2,12,89,3601,normal,14
14,3,9,77,3601,normal,14
14,4,88,76,3601,normal,14
14,5,11,57,3601,normal,14
14,6,23,74,3601,normal,14
14,7,11,90,3601,normal,14
14,8,19,66,3601,normal,14
14,9,21,84,3601,normal,14
14,10,20,85,3601,normal,14
14,11,16,72,3601,normal,14
14,12,19,89,3601,normal,14
14,13,20,54,3601,normal,14
14,14,20,69,3601,normal,14
14,15,98,77,3601,normal,14
14,16,10,66,3601,normal,14
14,17,16,67,3601,normal,14
14,18,3,95,3601,normal,14
14,19,23,95,3601,normal,14
14,20,18,57,3601,normal,14
14,21,3,55,3601,normal,14
14,22,9,89,3601,normal,14
14,23,16,92,3601,normal,14
14,24,94,79,3601,normal,14
14,25,12,99,3601,normal,14
14,26,10,57,3601,normal,14
14,27,4,50,3601,normal,14
14,28,16,89,3601,normal,14
14,29,18,78,3601,normal,14
14,30,80,73,3601,normal,14
14,31,23,96,3601,normal,14
14,32,16,52,3601,normal,14
14,33,16,67,3601,normal,14
14,34,16,50,3601,normal,14
14,35,16,89,3601,normal,14
14,36,7,56,3601,normal,14
14,37,15,50,3601,normal,14
14,38,12,83,3601,normal,14
14,39,13,89,3601,normal,14
14,40,23,93,3601,normal,14
14,41,10,75,3601,normal,14
14,42,16,80,3601,normal,14
14,43,5,86,3601,normal,14
14,44,2,56,3601,normal,14
14,45,13,70,3601,normal,14
14,46,18,51,3601,normal,14
14,47,3,92,3601,normal,14
14,48,21,59,3601,normal,14
14,49,24,66,3601,normal,14
14,50,8,89,3601,normal,14
14,51,18,59,3601,normal,14
14,52,82,68,3601,normal,14
14,53,12,54,3601,normal,14
14,54,12,60,3601,normal,14
14,55,14,59,3601,normal,14
14,56,13,85,3601,normal,14
14,57,6,91,3601,normal,14
14,58,11,66,3601,normal,14
14,59,86,54,3601,normal,14
14,60,2,86,3601,normal,14
14,61,19,86,3601,normal,14
14,62,13,75,3601,normal,14
14,63,6,63,3601,normal,14
14,64,16,91,3601,normal,14
14,65,7,59,3601,normal,14
14,66,9,77,3601,normal,14
14,67,9,50,3601,normal,14
14,68,20,96,3601,normal,14
14,69,18,56,3601,normal,14
14,70,17,95,3601,normal,14
14,71,7,96,3601,normal,14
14,72,19,71,3601,normal,14
14,73,6,98,3601,normal,14
14,74,11,66,3601,normal,14
14,75,8,67,3601,normal,14
14,76,22,71,3601,normal,14
14,77,7,50,3601,normal,14
14,78,55,65,3601,normal,14
14,79,16,58,3601,normal,14
14,80,17,98,3601,normal,14
14,81,23,67,3601,normal,14
14,82,23,93,3601,normal,14
14,83,11,55,3601,normal,14
14,84,5,54,3601,normal,14
14,85,22,93,3601,normal,14
14,86,8,79,3601,normal,14
14,87,68,86,3601,normal,14
14,88,2,94,3601,normal,14
14,89,14,84,3601,normal,14
14,90,87,55,3601,normal,14
14,91,19,78,3601,normal,14
14,92,14,98,3601,normal,14
14,93,7,88,3601,normal,14
14,94,16,60,3601,normal,14
14,95,13,50,3601,normal,14
14,96,78,54,3601,normal,14
14,97,11,91,3601,normal,14
14,98,13,71,3601,normal,14
14,99,18,66,3601,normal,14
15,0,22,61,2782,uniform,15
15,1,54,75,2782,uniform,15
15,2,18,90,2782,uniform,15
15,3,12,55,2782,uniform,15
15,4,11,98,2782,uniform,15
15,5,9,80,2782,uniform,15
15,6,3,83,2782,uniform,15
15,7,11,75,2782,uniform,15
15,8,9,73,2782,uniform,15
15,9,3,75,2782,uniform,15
15,10,13,62,2782,uniform,15
15,11,17,99,2782,uniform,15
15,12,6,89,2782,uniform,15
15,13,17,84,2782,uniform,15
15,14,13,52,2782,uniform,15
15,15,94,99,2782,uniform,15
15,16,7,77,2782,uniform,15
15,17,9,96,2782,uniform,15
15,18,14,93,2782,uniform,15
15,19,14,95,2782,uniform,15
15,20,18,60,2782,uniform,15
15,21,7,66,2782,uniform,15
15,22,24,56,2782,uniform,15
15,23,14,69,2782,uniform,15
15,24,6,75,2782,uniform,15
15,25,20,52,2782,uniform,15
15,26,20,66,2782,uniform,15
15,27,7,98,2782,uniform,15
15,28,69,64,2782,uniform,15
15,29,10,74,2782,uniform,15
15,30,87,66,2782,uniform,15
15,31,12,56,2782,uniform,15
15,32,11,81,2782,uniform,15
15,33,12,97,2782,uniform,15
15,34,1,90,2782,uniform,15
15,35,21,59,2782,uniform,15
15,36,20,56,2782,uniform,15
15,37,23,92,2782,uniform,15
15,38,13,51,2782,uniform,15
15,39,1,93,2782,uniform,15
15,40,9,52,2782,uniform,15
15,41,23,89,2782,uniform,15
15,42,15,67,2782,uniform,15
15,43,9,99,2782,uniform,15
15,44,17,91,2782,uniform,15
15,45,21,68,2782,uniform,15
15,46,4,93,2782,uniform,15
15,47,99,61,2782,uniform,15
15,48,12,86,2782,uniform,15
15,49,1,96,2782,uniform,15
15,50,6,69,2782,uniform,15
15,51,9,98,2782,uniform,15
15,52,17,90,2782,uniform,15
15,53,16,54,2782,uniform,15
15,54,19,51,2782,uniform,15
15,55,13,86,2782,uniform,15
15,56,4,53,2782,uniform,15
15,57,4,96,2782,uniform,15
15,58,20,54,2782,uniform,15
15,59,23,99,2782,uniform,15
15,60,12,55,2782,uniform,15
15,61,2,50,2782,uniform,15
15,62,9,57,2782,uniform,15
15,63,24,81,2782,uniform,15
15,64,16,88,2782,uniform,15
15,65,22,92,2782,uniform,15
15,66,23,52,2782,uniform,15
15,67,66,63,2782,uniform,15
15,68,3,96,2782,uniform,15
15,69,12,89,2782,uniform,15
15,70,4,91,2782,uniform,15
15,71,2,75,2782,uniform,15
15,72,11,61,2782,uniform,15
15,73,7,80,2782,uniform,15
15,74,64,87,2782,uniform,15
15,75,4,93,2782,uniform,15
15,76,6,58,2782,uniform,15
15,77,92,66,2782,uniform,15
15,78,15,50,2782,uniform,15
15,79,13,89,2782,uniform,15
15,80,9,82,2782,uniform,15
15,81,19,96,2782,uniform,15
15,82,6,57,2782,uniform,15
15,83,6,86,2782,uniform,15
15,84,89,56,2782,uniform,15
15,85,17,97,2782,uniform,15
15,86,15,95,2782,uniform,15
15,87,12,66,2782,uniform,15
15,88,11,92,2782,uniform,15
15,89,6,63,2782,uniform,15
15,90,10,76,2782,uniform,15
15,91,7,82,2782,uniform,15
15,92,13,96,2782,uniform,15
15,93,24,66,2782,uniform,15
15,94,77,61,2782,uniform,15
15,95,3,53,2782,uniform,15
15,96,16,50,2782,uniform,15
15,97,13,65,2782,uniform,15
15,98,18,57,2782,uniform,15
15,99,5,62,2782,uniform,15
16,0,3,66,2887,uniform,16
16,1,90,83,2887,uniform,16
16,2,17,85,2887,uniform,16
16,3,23,90,2887,uniform,16
16,4,24,86,2887,uniform,16
16,5,83,59,2887,uniform,16
16,6,1,99,2887,uniform,16
16,7,24,74,2887,uniform,16
16,8,6,96,2887,uniform,16
16,9,5,57,2887,uniform,16
16,10,20,96,2887,uniform,16
16,11,83,94,2887,uniform,16
16,12,7,96,2887,uniform,16
16,13,22,68,2887,uniform,16
16,14,5,57,2887,uniform,16
16,15,16,65,2887,uniform,16
16,16,9,71,2887,uniform,16
16,17,2,85,2887,uniform,16
16,18,68,66,2887,uniform,16
16,19,20,87,2887,uniform,16
16,20,8,70,2887,uniform,16
16,21,11,99,2887,uniform,16
16,22,22,55,2887,uniform,16
16,23,23,95,2887,uniform,16
16,24,1,94,2887,uniform,16
16,25,15,83,2887,uniform,16
16,26,14,65,2887,uniform,16
16,27,20,63,2887,uniform,16
16,28,15,61,2887,uniform,16
16,29,4,57,2887,uniform,16
16,30,23,92,2887,uniform,16
16,31,24,80,2887,uniform,16
16,32,11,91,2887,uniform,16
16,33,18,61,2887,uniform,16
16,34,17,84,2887,uniform,16
16,35,11,69,2887,uniform,16
16,36,2,55,2887,uniform,16
16,37,18,91,2887,uniform,16
16,38,10,52,2887,uniform,16
16,39,15,61,2887,uniform,16
16,40,14,69,2887,uniform,16
16,41,2,91,2887,uniform,16
16,42,59,99,2887,uniform,16
16,43,16,96,2887,uniform,16
16,44,10,52,2887,uniform,16
16,45,22,76,2887,uniform,16
16,46,1,58,2887,uniform,16
16,47,9,64,2887,uniform,16
16,48,87,73,2887,uniform,16
16,49,10,91,2887,uniform,16
16,50,1,71,2887,uniform,16
16,51,17,56,2887,uniform,16
16,52,8,56,2887,uniform,16
16,53,7,55,2887,uniform,16
16,54,2,84,2887,uniform,16
16,55,78,55,2887,uniform,16
16,56,4,72,2887,uniform,16
16,57,20,68,2887,uniform,16
16,58,9,83,2887,uniform,16
16,59,52,94,2887,uniform,16
16,60,2,86,2887,uniform,16
16,61,5,60,2887,uniform,16
16,62,24,54,2887,uniform,16
16,63,7,53,2887,uniform,16
16,64,7,93,2887,uniform,16
16,65,21,87,2887,uniform,16
16,66,5,74,2887,uniform,16
16,67,14,63,2887,uniform,16
16,68,22,78,2887,uniform,16
16,69,2,55,2887,uniform,16
16,70,23,88,2887,uniform,16
16,71,10,82,2887,uniform,16
16,72,11,67,2887,uniform,16
16,73,20,54,2887,uniform,16
16,74,54,77,2887,uniform,16
16,75,1,81,2887,uniform,16
16,76,13,64,2887,uniform,16
16,77,19,63,2887,uniform,16
16,78,12,98,2887,uniform,16
16,79,52,60,2887,uniform,16
16,80,7,73,2887,uniform,16
16,81,22,53,2887,uniform,16
16,82,6,75,2887,uniform,16
16,83,19,56,2887,uniform,16
16,84,3,86,2887,uniform,16
16,85,14,51,2887,uniform,16
16,86,8,57,2887,uniform,16
16,87,1,64,2887,uniform,16
16,88,7,58,2887,uniform,16
16,89,3,91,2887,uniform,16
16,90,21,54,2887,uniform,16
16,91,12,86,2887,uniform,16
16,92,4,98,2887,uniform,16
16,93,17,84,2887,uniform,16
16,94,10,66,2887,uniform,16
16,95,15,56,2887,uniform,16
16,96,4,60,2887,uniform,16
16,97,3,85,2887,uniform,16
16,98,17,62,2887,uniform,16
16,99,22,95,2887,uniform,16
17,0,2,68,3397,normal,17
17,1,11,94,3397,normal,17
17,2,24,85,3397,normal,17
17,3,24,92,3397,normal,17
17,4,2,70,3397,normal,17
17,5,20,84,3397,normal,17
17,6,7,63,3397,normal,17
17,7,22,86,3397,normal,17
17,8,2,98,3397,normal,17
17,9,67,88,3397,normal,17
17,10,13,63,3397,normal,17
17,11,2,99,3397,normal,17
17,12,23,84,3397,normal,17
17,13,1,75,3397,normal,17
17,14,9,64,3397,normal,17
17,15,12,59,3397,normal,17
17,16,16,98,3397,normal,17
17,17,13,96,3397,normal,17
17,18,9,75,3397,normal,17
17,19,7,89,3397,normal,17
17,20,10,68,3397,normal,17
17,21,12,55,3397,normal,17
17,22,8,61,3397,normal,17
17,23,20,95,3397,normal,17
17,24,10,63,3397,normal,17
17,25,68,61,3397,normal,17
17,26,4,51,3397,normal,17
17,27,8,70,3397,normal,17
17,28,1,91,3397,normal,17
17,29,22,58,3397,normal,17
17,30,5,51,3397,normal,17
17,31,14,51,3397,normal,17
17,32,11,80,3397,normal,17
17,33,1,73,3397,normal,17
17,34,8,89,3397,normal,17
17,35,16,68,3397,normal,17
17,36,24,73,3397,normal,17
17,37,8,81,3397,normal,17
17,38,9,51,3397,normal,17
17,39,18,64,3397,normal,17
17,40,2,75,3397,normal,17
17,41,23,87,3397,normal,17
17,42,9,64,3397,normal,17
17,43,6,52,3397,normal,17
17,44,4,86,3397,normal,17
17,45,56,77,3397,normal,17
17,46,21,65,3397,normal,17
17,47,12,81,3397,normal,17
17,48,21,57,3397,normal,17
17,49,11,62,3397,normal,17
17,50,12,95,3397,normal,17
17,51,20,65,3397,normal,17
17,52,17,73,3397,normal,17
17,53,16,75,3397,normal,17
17,54,8,93,3397,normal,17
17,55,3,81,3397,normal,17
17,56,63,98,3397,normal,17
17,57,9,55,3397,normal,17
17,58,17,88,3397,normal,17
17,59,2,51,3397,normal,17
17,60,8,54,3397,normal,17
17,61,12,63,3397,normal,17
17,62,8,73,3397,normal,17
17,63,23,67,3397,normal,17
17,64,22,74,3397,normal,17
17,65,14,65,3397,normal,17
17,66,86,67,3397,normal,17
17,67,16,69,3397,normal,17
17,68,1,76,3397,normal,17
17,69,4,82,3397,normal,17
17,70,23,85,3397,normal,17
17,71,18,79,3397,normal,17
17,72,98,73,3397,normal,17
17,73,19,98,3397,normal,17
17,74,19,59,3397,normal,17
17,75,4,94,3397,normal,17
17,76,23,75,3397,normal,17
17,77,23,77,3397,normal,17
17,78,14,63,3397,normal,17
17,79,2,77,3397,normal,17
17,80,4,91,3397,normal,17
17,81,21,82,3397,normal,17
17,82,11,99,3397,normal,17
17,83,6,56,3397,normal,17
17,84,60,81,3397,normal,17
17,85,15,78,3397,normal,17
17,86,59,90,3397,normal,17
17,87,15,83,3397,normal,17
17,88,18,99,3397,normal,17
17,89,16,77,3397,normal,17
17,90,13,90,3397,normal,17
17,91,54,77,3397,normal,17
17,92,12,84,3397,normal,17
17,93,2,79,3397,normal,17
17,94,17,72,3397,normal,17
17,95,5,62,3397,normal,17
17,96,99,65,3397,normal,17
17,97,7,95,3397,normal,17
17,98,6,97,3397,normal,17
17,99,23,73,3397,normal,17
18,0,21,81,2590,exponential,18
18,1,10,73,2590,exponential,18
18,2,1,59,2590,exponential,18
18,3,2,83,2590,exponential,18
18,4,7,87,2590,exponential,18
18,5,9,98,2590,exponential,18
18,6,13,71,2590,exponential,18
18,7,2,63,2590,exponential,18
18,8,8,51,2590,exponential,18
18,9,63,65,2590,exponential,18
18,10,11,66,2590,exponential,18
18,11,4,91,2590,exponential,18
18,12,20,70,2590,exponential,18
18,13,18,86,2590,exponential,18
18,14,14,51,2590,exponential,18
18,15,5,58,2590,exponential,18
18,16,1,68,2590,exponential,18
18,17,23,65,2590,exponential,18
18,18,15,95,2590,exponential,18
18,19,19,57,2590,exponential,18
18,20,8,88,2590,exponential,18
18,21,14,67,2590,exponential,18
18,22,84,75,2590,exponential,18
18,23,5,65,2590,exponential,18
18,24,17,95,2590,exponential,18
18,25,7,97,2590,exponential,18
18,26,13,61,2590,exponential,18
18,27,21,53,2590,exponential,18
18,28,8,60,2590,exponential,18
18,29,13,51,2590,exponential,18
18,30,19,66,2590,exponential,18
18,31,15,90,2590,exponential,18
18,32,20,66,2590,exponential,18
18,33,2,56,2590,exponential,18
18,34,17,91,2590,exponential,18
18,35,19,73,2590,exponential,18
18,36,19,98,2590,exponential,18
18,37,23,81,2590,exponential,18
18,38,22,58,2590,exponential,18
18,39,83,85,2590,exponential,18
18,40,15,80,2590,exponential,18
18,41,2,87,2590,exponential,18
18,42,19,63,2590,exponential,18
18,43,10,88,2590,exponential,18
18,44,23,71,2590,exponential,18
18,45,24,77,2590,exponential,18
18,46,78,64,2590,exponential,18
18,47,6,82,2590,exponential,18
18,48,17,73,2590,exponential,18
18,49,21,96,2590,exponential,18
18,50,10,75,2590,exponential,18
18,51,5,70,2590,exponential,18
18,52,7,70,2590,exponential,18
18,53,2,92,2590,exponential,18
18,54,14,92,2590,exponential,18
18,55,4,91,2590,exponential,18
18,56,9,78,2590,exponential,18
18,57,22,99,2590,exponential,18
18,58,14,55,2590,exponential,18
18,59,24,61,2590,exponential,18
18,60,24,72,2590,exponential,18
18,61,24,80,2590,exponential,18
18,62,5,87,2590,exponential,18
18,63,9,95,2590,exponential,18
18,64,21,94,2590,exponential,18
18,65,2,81,2590,exponential,18
18,66,16,72,2590,exponential,18
18,67,13,67,2590,exponential,18
18,68,1,97,2590,exponential,18
18,69,12,84,2590,exponential,18
18,70,19,96,2590,exponential,18
18,71,22,82,2590,exponential,18
18,72,19,78,2590,exponential,18
18,73,24,68,2590,exponential,18
18,74,4,76,2590,exponential,18
18,75,15,73,2590,exponential,18
18,76,21,84,2590,exponential,18
18,77,91,71,2590,exponential,18
18,78,6,75,2590,exponential,18
18,79,10,91,2590,exponential,18
18,80,3,52,2590,exponential,18
18,81,58,89,2590,exponential,18
18,82,16,86,2590,exponential,18
18,83,13,89,2590,exponential,18
18,84,24,50,2590,exponential,18
18,85,17,75,2590,exponential,18
18,86,68,55,2590,exponential,18
18,87,8,53,2590,exponential,18
18,88,18,77,2590,exponential,18
18,89,24,70,2590,exponential,18
18,90,87,72,2590,exponential,18
18,91,61,62,2590,exponential,18
18,92,68,89,2590,exponential,18
18,93,7,89,2590,exponential,18
18,94,14,64,2590,exponential,18
18,95,19,62,2590,exponential,18
18,96,17,75,2590,exponential,18
18,97,21,92,2590,exponential,18
18,98,9,91,2590,exponential,18
18,99,15,88,2590,exponential,18
19,0,5,79,3090,exponential,19
19,1,1,90,3090,exponential,19
19,2,23,93,3090,exponential,19
19,3,20,93,3090,exponential,19
19,4,92,96,3090,exponential,19
19,5,9,70,3090,exponential,19
19,6,20,65,3090,exponential,19
19,7,15,69,3090,exponential,19
19,8,7,62,3090,exponential,19
19,9,1,71,3090,exponential,19
19,10,6,58,3090,exponential,19
19,11,8,57,3090,exponential,19
19,12,17,95,3090,exponential,19
19,13,18,56,3090,exponential,19
19,14,2,80,3090,exponential,19
19,15,14,55,3090,exponential,19
19,16,4,72,3090,exponential,19
19,17,21,94,3090,exponential,19
19,18,11,91,3090,exponential,19
19,19,11,98,3090,exponential,19
19,20,73,84,3090,exponential,19
19,21,62,96,3090,exponential,19
19,22,22,89,3090,exponential,19
19,23,20,87,3090,exponential,19
19,24,20,79,3090,exponential,19
19,25,22,64,3090,exponential,19
19,26,13,59,3090,exponential,19
19,27,21,80,3090,exponential,19
19,28,96,65,3090,exponential,19
19,29,20,66,3090,exponential,19
19,30,10,62,3090,exponential,19
19,31,6,90,3090,exponential,19
19,32,15,65,3090,exponential,19
19,33,16,58,3090,exponential,19
19,34,8,51,3090,exponential,19
19,35,19,85,3090,exponential,19
19,36,83,87,3090,exponential,19
19,37,13,62,3090,exponential,19
19,38,17,64,3090,exponential,19
19,39,2,94,3090,exponential,19
19,40,12,93,3090,exponential,19
19,41,12,70,3090,exponential,19
19,42,17,70,3090,exponential,19
19,43,20,66,3090,exponential,19
19,44,8,73,3090,exponential,19
19,45,24,78,3090,exponential,19
19,46,15,79,3090,exponential,19
19,47,6,72,3090,exponential,19
19,48,24,50,3090,exponential,19
19,49,12,86,3090,exponential,19
19,50,21,62,3090,exponential,19
19,51,17,69,3090,exponential,19
19,52,18,83,3090,exponential,19
19,53,17,96,3090,exponential,19
19,54,8,54,3090,exponential,19
19,55,6,56,3090,exponential,19
19,56,24,67,3090,exponential,19
19,57,10,73,3090,exponential,19
19,58,18,83,3090,exponential,19
19,59,4,54,3090,exponential,19
19,60,20,92,3090,exponential,19
19,61,7,53,3090,exponential,19
19,62,9,58,3090,exponential,19
19,63,9,70,3090,exponential,19
19,64,6,60,3090,exponential,19
19,65,2,78,3090,exponential,19
19,66,19,74,3090,exponential,19
19,67,99,85,3090,exponential,19
19,68,13,99,3090,exponential,19
19,69,54,62,3090,exponential,19
19,70,24,58,3090,exponential,19
19,71,1,78,3090,exponential,19
19,72,14,57,3090,exponential,19
19,73,17,98,3090,exponential,19
19,74,7,68,3090,exponential,19
19,75,5,72,3090,exponential,19
19,76,2,64,3090,exponential,19
19,77,7,62,3090,exponential,19
19,78,10,51,3090,exponential,19
19,79,14,51,3090,exponential,19
19,80,73,81,3090,exponential,19
19,81,22,62,3090,exponential,19
19,82,10,62,3090,exponential,19
19,83,19,81,3090,exponential,19
19,84,16,51,3090,exponential,19
19,85,23,65,3090,exponential,19
19,86,18,66,3090,exponential,19
19,87,93,96,3090,exponential,19
19,88,21,85,3090,exponential,19
19,89,2,84,3090,exponential,19
19,90,17,65,3090,exponential,19
19,91,17,69,3090,exponential,19
19,92,4,86,3090,exponential,19
19,93,60,89,3090,exponential,19
19,94,21,67,3090,exponential,19
19,95,12,67,3090,exponential,19
19,96,21,84,3090,exponential,19
19,97,18,87,3090,exponential,19
19,98,17,87,3090,exponential,19
19,99,17,74,3090,exponential,19
20,0,17,75,4312,exponential,20
20,1,51,77,4312,exponential,20
20,2,5,54,4312,exponential,20
20,3,22,81,4312,exponential,20
20,4,19,58,4312,exponential,20
20,5,22,79,4312,exponential,20
20,6,9,96,4312,exponential,20
20,7,15,89,4312,exponential,20
20,8,19,67,4312,exponential,20
20,9,23,56,4312,exponential,20
20,10,6,75,4312,exponential,20
20,11,24,74,4312,exponential,20
20,12,1,83,4312,exponential,20
20,13,20,98,4312,exponential,20
20,14,7,95,4312,exponential,20
20,15,14,65,4312,exponential,20
20,16,1,93,4312,exponential,20
20,17,13,67,4312,exponential,20
20,18,24,78,4312,exponential,20
20,19,22,59,4312,exponential,20
20,20,1,64,4312,exponential,20
20,21,21,96,4312,exponential,20
20,22,15,65,4312,exponential,20
20,23,21,55,4312,exponential,20
20,24,21,62,4312,exponential,20
20,25,18,80,4312,exponential,20
20,26,18,72,4312,exponential,20
20,27,1,67,4312,exponential,20
20,28,9,66,4312,exponential,20
20,29,9,73,4312,exponential,20
20,30,12,88,4312,exponential,20
20,31,2,87,4312,exponential,20
20,32,10,63,4312,exponential,20
20,33,54,61,4312,exponential,20
20,34,81,62,4312,exponential,20
20,35,3,68,4312,exponential,20
20,36,16,72,4312,exponential,20
20,37,9,75,4312,exponential,20
20,38,20,70,4312,exponential,20
20,39,77,73,4312,exponential,20
20,40,3,79,4312,exponential,20
20,41,16,56,4312,exponential,20
20,42,6,86,4312,exponential,20
20,43,20,94,4312,exponential,20
20,44,20,54,4312,exponential,20
20,45,7,70,4312,exponential,20
20,46,7,76,4312,exponential,20
20,47,17,77,4312,exponential,20
20,48,9,66,4312,exponential,20
20,49,7,64,4312,exponential,20
20,50,23,62,4312,exponential,20
20,51,24,88,4312,exponential,20
20,52,3,56,4312,exponential,20
20,53,1,67,4312,exponential,20
20,54,6,90,4312,exponential,20
20,55,14,52,4312,exponential,20
20,56,7,98,4312,exponential,20
20,57,6,85,4312,exponential,20
20,58,14,65,4312,exponential,20
20,59,16,76,4312,exponential,20
20,60,19,61,4312,exponential,20
20,61,4,61,4312,exponential,20
20,62,11,81,4312,exponential,20
20,63,18,65,4312,exponential,20
20,64,79,67,4312,exponential,20
20,65,78,91,4312,exponential,20
20,66,63,64,4312,exponential,20
20,67,4,57,4312,exponential,20
20,68,13,91,4312,exponential,20
20,69,20,85,4312,exponential,20
20,70,14,73,4312,exponential,20
20,71,18,92,4312,exponential,20
20,72,19,51,4312,exponential,20
20,73,20,94,4312,exponential,20
20,74,16,97,4312,exponential,20
20,75,5,52,4312,exponential,20
20,76,22,53,4312,exponential,20
20,77,6,59,4312,exponential,20
20,78,15,62,4312,exponential,20
20,79,9,71,4312,exponential,20
20,80,22,75,4312,exponential,20
20,81,1,98,4312,exponential,20
20,82,95,95,4312,exponential,20
20,83,10,51,4312,exponential,20
20,84,23,98,4312,exponential,20
20,85,19,93,4312,exponential,20
20,86,12,80,4312,exponential,20
20,87,20,81,4312,exponential,20
20,88,5,68,4312,exponential,20
20,89,90,85,4312,exponential,20
20,90,19,99,4312,exponential,20
20,91,5,71,4312,exponential,20
20,92,1,52,4312,exponential,20
20,93,17,96,4312,exponential,20
20,94,11,94,4312,exponential,20
20,95,96,68,4312,exponential,20
20,96,18,50,4312,exponential,20
20,97,20,72,4312,exponential,20
20,98,14,58,4312,exponential,20
20,99,19,80,4312,exponential,20
21,0,7,80,4004,normal,21
21,1,15,83,4004,normal,21
21,2,14,99,4004,normal,21
21,3,98,88,4004,normal,21
21,4,82,72,4004,normal,21
21,5,16,76,4004,normal,21
21,6,75,87,4004,normal,21
21,7,22,60,4004,normal,21
21,8,21,97,4004,normal,21
21,9,4,51,4004,normal,21
21,10,18,62,4004,normal,21
21,11,19,70,4004,normal,21
21,12,19,71,4004,normal,21
21,13,22,91,4004,normal,21
21,14,6,74,4004,normal,21
21,15,11,52,4004,normal,21
21,16,10,76,4004,normal,21
21,17,15,72,4004,normal,21
21,18,14,74,4004,normal,21
21,19,7,66,4004,normal,21
21,20,2,60,4004,normal,21
21,21,16,81,4004,normal,21
21,22,21,67,4004,normal,21
21,23,2,76,4004,normal,21
21,24,57,50,4004,normal,21
21,25,11,55,4004,normal,21
21,26,22,79,4004,normal,21
21,27,18,72,4004,normal,21
21,28,5,93,4004,normal,21
21,29,24,52,4004,normal,21
21,30,22,57,4004,normal,21
21,31,15,96,4004,normal,21
21,32,1,96,4004,normal,21
21,33,9,51,4004,normal,21
21,34,16,99,4004,normal,21
21,35,22,68,4004,normal,21
21,36,10,53,4004,normal,21
21,37,17,59,4004,normal,21
21,38,11,59,4004,normal,21
21,39,9,97,4004,normal,21
21,40,6,54,4004,normal,21
21,41,13,83,4004,normal,21
21,42,12,69,4004,normal,21
21,43,19,68,4004,normal,21
21,44,10,58,4004,normal,21
21,45,16,98,4004,normal,21
21,46,22,60,4004,normal,21
21,47,6,73,4004,normal,21
21,48,4,97,4004,normal,21
21,49,7,81,4004,normal,21
21,50,13,50,4004,normal,21
21,51,24,68,4004,normal,21
21,52,13,76,4004,normal,21
21,53,20,97,4004,normal,21
21,54,3,62,4004,normal,21
21,55,14,75,4004,normal,21
21,56,23,76,4004,normal,21
21,57,8,74,4004,normal,21
21,58,10,55,4004,normal,21
21,59,18,81,4004,normal,21
21,60,18,61,4004,normal,21
21,61,14,78,4004,normal,21
21,62,2,77,4004,normal,21
21,63,22,68,4004,normal,21
21,64,22,50,4004,normal,21
21,65,58,90,4004,normal,21
21,66,18,95,4004,normal,21
21,67,85,79,4004,normal,21
21,68,16,88,4004,normal,21
21,69,8,90,4004,normal,21
21,70,11,71,4004,normal,21
21,71,8,75,4004,normal,21
21,72,24,52,4004,normal,21
21,73,22,90,4004,normal,21
21,74,5,80,4004,normal,21
21,75,4,78,4004,normal,21
21,76,14,62,4004,normal,21
21,77,16,91,4004,normal,21
21,78,16,63,4004,normal,21
21,79,88,64,4004,normal,21
21,80,18,52,4004,normal,21
21,81,17,54,4004,normal,21
21,82,55,67,4004,normal,21
21,83,17,51,4004,normal,21
21,84,59,72,4004,normal,21
21,85,23,53,4004,normal,21
21,86,7,87,4004,normal,21
21,87,1,74,4004,normal,21
21,88,20,64,4004,normal,21
21,89,8,87,4004,normal,21
21,90,23,67,4004,normal,21
21,91,16,50,4004,normal,21
21,92,6,95,4004,normal,21
21,93,75,73,4004,normal,21
21,94,6,87,4004,normal,21
21,95,12,77,4004,normal,21
21,96,3,95,4004,normal,21
21,97,8,77,4004,normal,21
21,98,5,51,4004,normal,21
21,99,16,89,4004,normal,21
22,0,23,52,4230,exponential,22
22,1,23,53,4230,exponential,22
22,2,7,85,4230,exponential,22
22,3,2,55,4230,exponential,22
22,4,7,88,4230,exponential,22
22,5,3,82,4230,exponential,22
22,6,10,57,4230,exponential,22
22,7,2,62,4230,exponential,22
22,8,7,54,4230,exponential,22
22,9,24,76,4230,exponential,22
22,10,56,97,4230,exponential,22
22,11,20,91,4230,exponential,22
22,12,17,83,4230,exponential,22
22,13,13,88,4230,exponential,22
22,14,22,78,4230,exponential,22
22,15,6,58,4230,exponential,22
22,16,17,64,4230,exponential,22
22,17,7,68,4230,exponential,22
22,18,3,92,4230,exponential,22
22,19,19,98,4230,exponential,22
22,20,1,51,4230,exponential,22
22,21,7,81,4230,exponential,22
22,22,12,71,4230,exponential,22
22,23,90,58,4230,exponential,22
22,24,12,70,4230,exponential,22
22,25,13,82,4230,exponential,22
22,26,2,70,4230,exponential,22
22,27,13,64,4230,exponential,22
22,28,7,85,4230,exponential,22
22,29,7,91,4230,exponential,22
22,30,11,82,4230,exponential,22
22,31,17,66,4230,exponential,22
22,32,12,76,4230,exponential,22
22,33,89,59,4230,exponential,22
22,34,83,81,4230,exponential,22
22,35,6,64,4230,exponential,22
22,36,12,82,4230,exponential,22
22,37,21,72,4230,exponential,22
22,38,18,96,4230,exponential,22
22,39,10,99,4230,exponential,22
22,40,1,75,4230,exponential,22
22,41,24,86,4230,exponential,22
22,42,17,82,4230,exponential,22
22,43,5,97,4230,exponential,22
22,44,12,52,4230,exponential,22
22,45,10,88,4230,exponential,22
22,46,11,86,4230,exponential,22
22,47,14,84,4230,exponential,22
22,48,1,51,4230,exponential,22
22,49,73,70,4230,exponential,22
22,50,19,72,4230,exponential,22
22,51,2,88,4230,exponential,22
22,52,3,63,4230,exponential,22
22,53,4,88,4230,exponential,22
22,54,15,83,4230,exponential,22
22,55,5,58,4230,exponential,22
22,56,10,99,4230,exponential,22
22,57,5,80,4230,exponential,22
22,58,56,66,4230,exponential,22
22,59,17,99,4230,exponential,22
22,60,10,57,4230,exponential,22
22,61,21,70,4230,exponential,22
22,62,3,87,4230,exponential,22
22,63,8,87,4230,exponential,22
22,64,20,77,4230,exponential,22
22,65,89,89,4230,exponential,22
22,66,2,94,4230,exponential,22
22,67,14,87,4230,exponential,22
22,68,8,64,4230,exponential,22
22,69,22,65,4230,exponential,22
22,70,14,79,4230,exponential,22
22,71,4,66,4230,exponential,22
22,72,18,69,4230,exponential,22
22,73,22,55,4230,exponential,22
22,74,19,90,4230,exponential,22
22,75,16,63,4230,exponential,22
22,76,10,60,4230,exponential,22
22,77,50,53,4230,exponential,22
22,78,17,85,4230,exponential,22
22,79,4,66,4230,exponential,22
22,80,14,57,4230,exponential,22
22,81,21,60,4230,exponential,22
22,82,21,65,4230,exponential,22
22,83,2,96,4230,exponential,22
22,84,23,94,4230,exponential,22
22,85,22,50,4230,exponential,22
22,86,12,86,4230,exponential,22
22,87,75,99,4230,exponential,22
22,88,1,50,4230,exponential,22
22,89,19,88,4230,exponential,22
22,90,22,67,4230,exponential,22
22,91,22,99,4230,exponential,22
22,92,23,73,4230,exponential,22
22,93,6,98,4230,exponential,22
22,94,12,85,4230,exponential,22
22,95,10,55,4230,exponential,22
22,96,79,99,4230,exponential,22
22,97,14,91,4230,exponential,22
22,98,21,63,4230,exponential,22
22,99,24,67,4230,exponential,22
23,0,4,83,2549,exponential,23
23,1,15,57,2549,exponential,23
23,2,7,61,2549,exponential,23
23,3,7,94,2549,exponential,23
23,4,17,72,2549,exponential,23
23,5,3,98,2549,exponential,23
23,6,95,69,2549,exponential,23
23,7,8,77,2549,exponential,23
23,8,7,90,2549,exponential,23
23,9,23,96,2549,exponential,23
23,10,7,82,2549,exponential,23
23,11,53,62,2549,exponential,23
23,12,50,75,2549,exponential,23
23,13,5,65,2549,exponential,23
23,14,11,90,2549,exponential,23
23,15,11,85,2549,exponential,23
23,16,15,61,2549,exponential,23
23,17,22,55,2549,exponential,23
23,18,14,85,2549,exponential,23
23,19,23,94,2549,exponential,23
23,20,16,52,2549,exponential,23
23,21,12,58,2549,exponential,23
23,22,21,99,2549,exponential,23
23,23,51,50,2549,exponential,23
23,24,15,94,2549,exponential,23
23,25,6,76,2549,exponential,23
23,26,19,54,2549,exponential,23
23,27,79,56,2549,exponential,23
23,28,11,62,2549,exponential,23
23,29,7,73,2549,exponential,23
23,30,12,75,2549,exponential,23
23,31,21,80,2549,exponential,23
23,32,17,78,2549,exponential,23
23,33,24,73,2549,exponential,23
23,34,7,53,2549,exponential,23
23,35,18,96,2549,exponential,23
23,36,22,75,2549,exponential,23
23,37,1,59,2549,exponential,23
23,38,13,86,2549,exponential,23
23,39,18,52,2549,exponential,23
23,40,24,52,2549,exponential,23
23,41,21,98,2549,exponential,23
23,42,8,94,2549,exponential,23
23,43,12,78,2549,exponential,23
23,44,16,54,2549,exponential,23
23,45,21,92,2549,exponential,23
23,46,72,92,2549,exponential,23
23,47,2,91,2549,exponential,23
23,48,3,61,2549,exponential,23
23,49,22,72,2549,exponential,23
23,50,3,59,2549,exponential,23
23,51,20,96,2549,exponential,23
23,52,16,71,2549,exponential,23
23,53,8,79,2549,exponential,23
23,54,61,98,2549,exponential,23
23,55,98,58,2549,exponential,23
23,56,4,65,2549,exponential,23
23,57,22,89,2549,exponential,23
23,58,19,72,2549,exponential,23
23,59,11,95,2549,exponential,23
23,60,13,62,2549,exponential,23
23,61,17,94,2549,exponential,23
23,62,14,80,2549,exponential,23
23,63,6,63,2549,exponential,23
23,64,16,83,2549,exponential,23
23,65,16,71,2549,exponential,23
23,66,19,50,2549,exponential,23
23,67,5,72,2549,exponential,23
23,68,12,79,2549,exponential,23
23,69,8,51,2549,exponential,23
23,70,17,98,2549,exponential,23
23,71,11,59,2549,exponential,23
23,72,13,54,2549,exponential,23
23,73,5,55,2549,exponential,23
23,74,7,87,2549,exponential,23
23,75,13,61,2549,exponential,23
23,76,5,74,2549,exponential,23
23,77,4,59,2549,exponential,23
23,78,3,91,2549,exponential,23
23,79,24,85,2549,exponential,23
23,80,58,94,2549,exponential,23
23,81,4,85,2549,exponential,23
23,82,18,56,2549,exponential,23
23,83,1,59,2549,exponential,23
23,84,18,51,2549,exponential,23
23,85,21,94,2549,exponential,23
23,86,9,79,2549,exponential,23
23,87,17,60,2549,exponential,23
23,88,21,99,2549,exponential,23
23,89,15,94,2549,exponential,23
23,90,23,91,2549,exponential,23
23,91,15,88,2549,exponential,23
23,92,63,61,2549,exponential,23
23,93,14,94,2549,exponential,23
23,94,23,81,2549,exponential,23
23,95,24,84,2549,exponential,23
23,96,4,78,2549,exponential,23
23,97,19,72,2549,exponential,23
23,98,7,50,2549,exponential,23
23,99,4,77,2549,exponential,23
24,0,9,65,2784,uniform,24
24,1,4,68,2784,uniform,24
24,2,7,81,2784,uniform,24
24,3,3,77,2784,uniform,24
24,4,20,75,2784,uniform,24
24,5,18,79,2784,uniform,24
24,6,7,79,2784,uniform,24
24,7,17,51,2784,uniform,24
24,8,96,59,2784,uniform,24
24,9,6,88,2784,uniform,24
24,10,71,65,2784,uniform,24
24,11,13,87,2784,uniform,24
24,12,9,83,2784,uniform,24
24,13,19,69,2784,uniform,24
24,14,7,99,2784,uniform,24
24,15,24,99,2784,uniform,24
24,16,6,77,2784,uniform,24
24,17,3,73,2784,uniform,24
24,18,66,99,2784,uniform,24
24,19,18,54,2784,uniform,24
24,20,85,93,2784,uniform,24
24,21,2,53,2784,uniform,24
24,22,20,85,2784,uniform,24
24,23,6,55,2784,uniform,24
24,24,23,89,2784,uniform,24
24,25,1,94,2784,uniform,24
24,26,6,56,2784,uniform,24
24,27,22,61,2784,uniform,24
24,28,3,91,2784,uniform,24
24,29,3,91,2784,uniform,24
24,30,15,86,2784,uniform,24
24,31,15,85,2784,uniform,24
24,32,11,90,2784,uniform,24
24,33,20,96,2784,uniform,24
24,34,4,70,2784,uniform,24
24,35,51,58,2784,uniform,24
24,36,2,83,2784,uniform,24
24,37,23,96,2784,uniform,24
24,38,14,60,2784,uniform,24
24,39,23,53,2784,uniform,24
24,40,62,69,2784,uniform,24
24,41,6,71,2784,uniform,24
24,42,24,87,2784,uniform,24
24,43,5,78,2784,uniform,24
24,44,4,99,2784,uniform,24
24,45,11,93,2784,uniform,24
24,46,10,79,2784,uniform,24
24,47,19,77,2784,uniform,24
24,48,20,58,2784,uniform,24
24,49,8,90,2784,uniform,24
24,50,7,50,2784,uniform,24
24,51,17,96,2784,uniform,24
24,52,6,68,2784,uniform,24
24,53,24,63,2784,uniform,24
24,54,8,73,2784,uniform,24
24,55,60,56,2784,uniform,24
24,56,6,52,2784,uniform,24
24,57,20,81,2784,uniform,24
24,58,3,51,2784,uniform,24
24,59,10,50,2784,uniform,24
24,60,23,64,2784,uniform,24
24,61,5,56,2784,uniform,24
24,62,24,87,2784,uniform,24
24,63,63,93,2784,uniform,24
24,64,21,75,2784,uniform,24
24,65,18,90,2784,uniform,24
24,66,14,69,2784,uniform,24
24,67,11,92,2784,uniform,24
24,68,3,93,2784,uniform,24
24,69,6,72,2784,uniform,24
24,70,24,83,2784,uniform,24
24,71,16,62,2784,uniform,24
24,72,4,64,2784,uniform,24
24,73,18,95,2784,uniform,24
24,74,3,55,2784,uniform,24
24,75,16,53,2784,uniform,24
24,76,7,69,2784,uniform,24
24,77,19,51,2784,uniform,24
24,78,11,57,2784,uniform,24
24,79,23,70,2784,uniform,24
24,80,16,89,2784,uniform,24
24,81,15,92,2784,uniform,24
24,82,7,65,2784,uniform,24
24,83,6,84,2784,uniform,24
24,84,21,53,2784,uniform,24
24,85,12,53,2784,uniform,24
24,86,6,52,2784,uniform,24
24,87,10,69,2784,uniform,24
24,88,58,74,2784,uniform,24
24,89,18,60,2784,uniform,24
24,90,9,93,2784,uniform,24
24,91,2,77,2784,uniform,24
24,92,21,68,2784,uniform,24
24,93,51,79,2784,uniform,24
24,94,20,58,2784,uniform,24
24,95,24,90,2784,uniform,24
24,96,13,66,2784,uniform,24
24,97,18,80,2784,uniform,24
24,98,16,65,2784,uniform,24
24,99,16,79,2784,uniform,24
25,0,19,83,4432,uniform,25
25,1,50,95,4432,uniform,25
25,2,24,61,4432,uniform,25
25,3,8,89,4432,uniform,25
25,4,7,93,4432,uniform,25
25,5,6,83,4432,uniform,25
25,6,16,58,4432,uniform,25
25,7,8,95,4432,uniform,25
25,8,22,99,4432,uniform,25
25,9,22,98,4432,uniform,25
25,10,7,89,4432,uniform,25
25,11,3,59,4432,uniform,25
25,12,80,50,4432,uniform,25
25,13,19,94,4432,uniform,25
25,14,16,89,4432,uniform,25
25,15,13,82,4432,uniform,25
25,16,8,58,4432,uniform,25
25,17,20,78,4432,uniform,25
25,18,11,75,4432,uniform,25
25,19,20,83,4432,uniform,25
25,20,24,90,4432,uniform,25
25,21,8,55,4432,uniform,25
25,22,3,87,4432,uniform,25
25,23,98,96,4432,uniform,25
25,24,6,73,4432,uniform,25
25,25,19,64,4432,uniform,25
25,26,4,69,4432,uniform,25
25,27,92,92,4432,uniform,25
25,28,12,72,4432,uniform,25
25,29,23,67,4432,uniform,25
25,30,9,55,4432,uniform,25
25,31,82,89,4432,uniform,25
25,32,10,50,4432,uniform,25
25,33,3,95,4432,uniform,25
25,34,7,97,4432,uniform,25
25,35,8,57,4432,uniform,25
25,36,23,84,4432,uniform,25
25,37,14,77,4432,uniform,25
25,38,24,82,4432,uniform,25
25,39,18,54,4432,uniform,25
25,40,17,89,4432,uniform,25
25,41,1,52,4432,uniform,25
25,42,20,51,4432,uniform,25
25,43,11,50,4432,uniform,25
25,44,17,91,4432,uniform,25
25,45,14,92,4432,uniform,25
25,46,18,95,4432,uniform,25
25,47,13,78,4432,uniform,25
25,48,24,99,4432,uniform,25
25,49,21,61,4432,uniform,25
25,50,22,59,4432,uniform,25
25,51,16,88,4432,uniform,25
25,52,24,80,4432,uniform,25
25,53,22,93,4432,uniform,25
25,54,23,56,4432,uniform,25
25,55,3,68,4432,uniform,25
25,56,10,56,4432,uniform,25
25,57,8,62,4432,uniform,25
25,58,76,79,4432,uniform,25
25,59,2,64,4432,uniform,25
25,60,22,77,4432,uniform,25
25,61,24,55,4432,uniform,25
25,62,4,66,4432,uniform,25
25,63,8,74,4432,uniform,25
25,64,1,91,4432,uniform,25
25,65,19,50,4432,uniform,25
25,66,20,91,4432,uniform,25
25,67,23,96,4432,uniform,25
25,68,18,51,4432,uniform,25
25,69,16,71,4432,uniform,25
25,70,12,83,4432,uniform,25
25,71,11,56,4432,uniform,25
25,72,3,83,4432,uniform,25
25,73,10,85,4432,uniform,25
25,74,21,97,4432,uniform,25
25,75,10,82,4432,uniform,25
25,76,11,80,4432,uniform,25
25,77,9,85,4432,uniform,25
25,78,14,82,4432,uniform,25
25,79,52,50,4432,uniform,25
25,80,4,64,4432,uniform,25
25,81,21,96,4432,uniform,25
25,82,58,68,4432,uniform,25
25,83,9,91,4432,uniform,25
25,84,63,60,4432,uniform,25
25,85,8,68,4432,uniform,25
25,86,4,67,4432,uniform,25
25,87,6,80,4432,uniform,25
25,88,11,79,4432,uniform,25
25,89,94,57,4432,uniform,25
25,90,6,84,4432,uniform,25
25,91,10,60,4432,uniform,25
25,92,1,82,4432,uniform,25
25,93,9,71,4432,uniform,25
25,94,6,57,4432,uniform,25
25,95,12,74,4432,uniform,25
25,96,19,61,4432,uniform,25
25,97,10,85,4432,uniform,25
25,98,13,99,4432,uniform,25
25,99,10,63,4432,uniform,25
26,0,4,83,2521,exponential,26
26,1,9,71,2521,exponential,26
26,2,18,55,2521,exponential,26
26,3,58,55,2521,exponential,26
26,4,9,59,2521,exponential,26
26,5,24,55,2521,exponential,26
26,6,13,62,2521,exponential,26
26,7,14,77,2521,exponential,26
26,8,10,50,2521,exponential,26
26,9,9,51,2521,exponential,26
26,10,23,98,2521,exponential,26
26,11,23,66,2521,exponential,26
26,12,17,74,2521,exponential,26
26,13,51,90,2521,exponential,26
26,14,14,72,2521,exponential,26
26,15,6,94,2521,exponential,26
26,16,18,80,2521,exponential,26
26,17,10,74,2521,exponential,26
26,18,19,89,2521,exponential,26
26,19,16,53,2521,exponential,26
26,20,13,70,2521,exponential,26
26,21,6,92,2521,exponential,26
26,22,60,72,2521,exponential,26
26,23,7,99,2521,exponential,26
26,24,16,53,2521,exponential,26
26,25,12,88,2521,exponential,26
26,26,23,69,2521,exponential,26
26,27,8,70,2521,exponential,26
26,28,12,88,2521,exponential,26
26,29,12,98,2521,exponential,26
26,30,20,83,2521,exponential,26
26,31,11,57,2521,exponential,26
26,32,17,90,2521,exponential,26
26,33,3,67,2521,exponential,26
26,34,8,65,2521,exponential,26
26,35,12,55,2521,exponential,26
26,36,3,96,2521,exponential,26
26,37,9,84,2521,exponential,26
26,38,17,80,2521,exponential,26
26,39,78,91,2521,exponential,26
26,40,7,78,2521,exponential,26
26,41,12,67,2521,exponential,26
26,42,11,62,2521,exponential,26
26,43,16,60,2521,exponential,26
26,44,4,87,2521,exponential,26
26,45,22,58,2521,exponential,26
26,46,8,75,2521,exponential,26
26,47,11,50,2521,exponential,26
26,48,17,64,2521,exponential,26
26,49,70,72,2521,exponential,26
26,50,2,75,2521,exponential,26
26,51,2,66,2521,exponential,26
26,52,8,50,2521,exponential,26
26,53,11,89,2521,exponential,26
26,54,15,79,2521,exponential,26
26,55,9,51,2521,exponential,26
26,56,20,58,2521,exponential,26
26,57,24,69,2521,exponential,26
26,58,7,87,2521,exponential,26
26,59,96,52,2521,exponential,26
26,60,4,96,2521,exponential,26
26,61,15,79,2521,exponential,26
26,62,23,78,2521,exponential,26
26,63,96,72,2521,exponential,26
26,64,13,59,2521,exponential,26
26,65,81,78,2521,exponential,26
26,66,11,78,2521,exponential,26
26,67,4,53,2521,exponential,26
26,68,15,93,2521,exponential,26
26,69,1,98,2521,exponential,26
26,70,9,93,2521,exponential,26
26,71,14,92,2521,exponential,26
26,72,6,84,2521,exponential,26
26,73,13,93,2521,exponential,26
26,74,88,51,2521,exponential,26
26,75,5,57,2521,exponential,26
26,76,23,92,2521,exponential,26
26,77,8,65,2521,exponential,26
26,78,5,74,2521,exponential,26
26,79,15,85,2521,exponential,26
26,80,19,58,2521,exponential,26
26,81,6,87,2521,exponential,26
26,82,23,73,2521,exponential,26
26,83,17,75,2521,exponential,26
26,84,7,67,2521,exponential,26
26,85,8,77,2521,exponential,26
26,86,9,91,2521,exponential,26
26,87,11,90,2521,exponential,26
26,88,24,70,2521,exponential,26
26,89,19,93,2521,exponential,26
26,90,17,52,2521,exponential,26
26,91,5,60,2521,exponential,26
26,92,8,78,2521,exponential,26
26,93,5,55,2521,exponential,26
26,94,85,69,2521,exponential,26
26,95,10,78,2521,exponential,26
26,96,19,97,2521,exponential,26
26,97,14,89,2521,exponential,26
26,98,7,50,2521,exponential,26
26,99,13,82,2521,exponential,26
27,0,18,89,4871,exponential,27
27,1,16,57,4871,exponential,27
27,2,22,52,4871,exponential,27
27,3,11,70,4871,exponential,27
27,4,9,66,4871,exponential,27
27,5,13,74,4871,exponential,27
27,6,18,61,4871,exponential,27
27,7,2,98,4871,exponential,27
27,8,17,81,4871,exponential,27
27,9,14,59,4871,exponential,27
27,10,2,86,4871,exponential,27
27,11,17,77,4871,exponential,27
27,12,13,91,4871,exponential,27
27,13,95,97,4871,exponential,27
27,14,4,57,4871,exponential,27
27,15,3,76,4871,exponential,27
27,16,90,92,4871,exponential,27
27,17,12,98,4871,exponential,27
27,18,8,80,4871,exponential,27
27,19,13,55,4871,exponential,27
27,20,8,59,4871,exponential,27
27,21,87,86,4871,exponential,27
27,22,24,75,4871,exponential,27
27,23,23,95,4871,exponential,27
27,24,1,90,4871,exponential,27
27,25,13,83,4871,exponential,27
27,26,24,93,4871,exponential,27
27,27,20,66,4871,exponential,27
27,28,18,66,4871,exponential,27
27,29,21,85,4871,exponential,27
27,30,8,87,4871,exponential,27
27,31,9,61,4871,exponential,27
27,32,19,78,4871,exponential,27
27,33,77,80,4871,exponential,27
27,34,12,52,4871,exponential,27
27,35,21,92,4871,exponential,27
27,36,20,78,4871,exponential,27
27,37,14,79,4871,exponential,27
27,38,12,86,4871,exponential,27
27,39,15,91,4871,exponential,27
27,40,21,92,4871,exponential,27
27,41,22,69,4871,exponential,27
27,42,88,82,4871,exponential,27
27,43,8,94,4871,exponential,27
27,44,7,52,4871,exponential,27
27,45,7,93,4871,exponential,27
27,46,23,71,4871,exponential,27
27,47,6,58,4871,exponential,27
27,48,16,66,4871,exponential,27
27,49,74,59,4871,exponential,27
27,50,8,98,4871,exponential,27
27,51,2,92,4871,exponential,27
27,52,19,98,4871,exponential,27
27,53,9,93,4871,exponential,27
27,54,19,65,4871,exponential,27
27,55,18,89,4871,exponential,27
27,56,22,56,4871,exponential,27
27,57,20,79,4871,exponential,27
27,58,5,59,4871,exponential,27
27,59,80,57,4871,exponential,27
27,60,9,94,4871,exponential,27
27,61,14,55,4871,exponential,27
27,62,13,60,4871,exponential,27
27,63,20,55,4871,exponential,27
27,64,1,57,4871,exponential,27
27,65,2,77,4871,exponential,27
27,66,16,61,4871,exponential,27
27,67,19,86,4871,exponential,27
27,68,22,94,4871,exponential,27
27,69,8,81,4871,exponential,27
27,70,24,54,4871,exponential,27
27,71,53,96,4871,exponential,27
27,72,16,86,4871,exponential,27
27,73,22,92,4871,exponential,27
27,74,11,53,4871,exponential,27
27,75,5,90,4871,exponential,27
27,76,20,83,4871,exponential,27
27,77,1,61,4871,exponential,27
27,78,14,97,4871,exponential,27
27,79,3,53,4871,exponential,27
27,80,23,66,4871,exponential,27
27,81,17,61,4871,exponential,27
27,82,24,52,4871,exponential,27
27,83,20,85,4871,exponential,27
27,84,6,75,4871,exponential,27
27,85,19,65,4871,exponential,27
27,86,9,87,4871,exponential,27
27,87,2,73,4871,exponential,27
27,88,6,88,4871,exponential,27
27,89,60,85,4871,exponential,27
27,90,24,58,4871,exponential,27
27,91,4,50,4871,exponential,27
27,92,23,96,4871,exponential,27
27,93,80,80,4871,exponential,27
27,94,11,86,4871,exponential,27
27,95,4,65,4871,exponential,27
27,96,12,79,4871,exponential,27
27,97,18,75,4871,exponential,27
27,98,1,81,4871,exponential,27
27,99,13,57,4871,exponential,27
28,0,56,60,3665,exponential,28
28,1,16,65,3665,exponential,28
28,2,6,83,3665,exponential,28
28,3,12,78,3665,exponential,28
28,4,16,51,3665,exponential,28
28,5,17,59,3665,exponential,28
28,6,9,88,3665,exponential,28
28,7,8,57,3665,exponential,28
28,8,10,99,3665,exponential,28
28,9,11,69,3665,exponential,28
28,10,22,84,3665,exponential,28
28,11,12,74,3665,exponential,28
28,12,24,92,3665,exponential,28
28,13,17,57,3665,exponential,28
28,14,24,71,3665,exponential,28
28,15,10,65,3665,exponential,28
28,16,9,90,3665,exponential,28
28,17,13,78,3665,exponential,28
28,18,79,65,3665,exponential,28
28,19,20,50,3665,exponential,28
28,20,17,92,3665,exponential,28
28,21,99,50,3665,exponential,28
28,22,10,89,3665,exponential,28
28,23,14,76,3665,exponential,28
28,24,18,77,3665,exponential,28
28,25,1,60,3665,exponential,28
28,26,10,85,3665,exponential,28
28,27,6,96,3665,exponential,28
28,28,19,76,3665,exponential,28
28,29,14,59,3665,exponential,28
28,30,22,51,3665,exponential,28
28,31,20,57,3665,exponential,28
28,32,4,95,3665,exponential,28
28,33,99,71,3665,exponential,28
28,34,19,52,3665,exponential,28
28,35,9,80,3665,exponential,28
28,36,68,51,3665,exponential,28
28,37,56,74,3665,exponential,28
28,38,2,75,3665,exponential,28
28,39,1,76,3665,exponential,28
28,40,3,70,3665,exponential,28
28,41,1,96,3665,exponential,28
28,42,17,88,3665,exponential,28
28,43,24,68,3665,exponential,28
28,44,7,64,3665,exponential,28
28,45,13,73,3665,exponential,28
28,46,18,55,3665,exponential,28
28,47,3,75,3665,exponential,28
28,48,20,67,3665,exponential,28
28,49,24,88,3665,exponential,28
28,50,3,54,3665,exponential,28
28,51,4,58,3665,exponential,28
28,52,9,73,3665,exponential,28
28,53,12,72,3665,exponential,28
28,54,56,74,3665,exponential,28
28,55,22,88,3665,exponential,28
28,56,66,55,3665,exponential,28
28,57,6,80,3665,exponential,28
28,58,13,63,3665,exponential,28
28,59,8,57,3665,exponential,28
28,60,23,61,3665,exponential,28
28,61,18,96,3665,exponential,28
28,62,9,87,3665,exponential,28
28,63,4,84,3665,exponential,28
28,64,10,87,3665,exponential,28
28,65,17,99,3665,exponential,28
28,66,20,86,3665,exponential,28
28,67,13,90,3665,exponential,28
28,68,7,65,3665,exponential,28
28,69,16,90,3665,exponential,28
28,70,81,65,3665,exponential,28
28,71,21,75,3665,exponential,28
28,72,10,80,3665,exponential,28
28,73,7,67,3665,exponential,28
28,74,22,56,3665,exponential,28
28,75,20,75,3665,exponential,28
28,76,23,50,3665,exponential,28
28,77,5,64,3665,exponential,28
28,78,6,52,3665,exponential,28
28,79,52,86,3665,exponential,28
28,80,1,70,3665,exponential,28
28,81,3,94,3665,exponential,28
28,82,1,92,3665,exponential,28
28,83,3,50,3665,exponential,28
28,84,7,83,3665,exponential,28
28,85,5,60,3665,exponential,28
28,86,19,68,3665,exponential,28
28,87,5,78,3665,exponential,28
28,88,22,64,3665,exponential,28
28,89,9,53,3665,exponential,28
28,90,9,68,3665,exponential,28
28,91,15,72,3665,exponential,28
28,92,10,77,3665,exponential,28
28,93,12,53,3665,exponential,28
28,94,16,67,3665,exponential,28
28,95,7,71,3665,exponential,28
28,96,1,92,3665,exponential,28
28,97,19,83,3665,exponential,28
28,98,6,75,3665,exponential,28
28,99,14,69,3665,exponential,28
29,0,22,58,3871,normal,29
29,1,1,73,3871,normal,29
29,2,19,94,3871,normal,29
29,3,16,70,3871,normal,29
29,4,7,76,3871,normal,29
29,5,3,99,3871,normal,29
29,6,68,70,3871,normal,29
29,7,15,62,3871,normal,29
29,8,9,92,3871,normal,29
29,9,74,93,3871,normal,29
29,10,6,92,3871,normal,29
29,11,24,53,3871,normal,29
29,12,20,57,3871,normal,29
29,13,1,95,3871,normal,29
29,14,15,72,3871,normal,29
29,15,11,64,3871,normal,29
29,16,22,64,3871,normal,29
29,17,8,85,3871,normal,29
29,18,9,59,3871,normal,29
29,19,13,89,3871,normal,29
29,20,14,82,3871,normal,29
29,21,84,90,3871,normal,29
29,22,6,51,3871,normal,29
29,23,23,68,3871,normal,29
29,24,2,97,3871,normal,29
29,25,7,67,3871,normal,29
29,26,97,61,3871,normal,29
29,27,11,66,3871,normal,29
29,28,13,56,3871,normal,29
29,29,17,64,3871,normal,29
29,30,12,58,3871,normal,29
29,31,19,69,3871,normal,29
29,32,4,80,3871,normal,29
29,33,13,93,3871,normal,29
29,34,12,70,3871,normal,29
29,35,18,99,3871,normal,29
29,36,16,78,3871,normal,29
29,37,9,87,3871,normal,29
29,38,22,51,3871,normal,29
29,39,5,98,3871,normal,29
29,40,5,88,3871,normal,29
29,41,18,58,3871,normal,29
29,42,22,69,3871,normal,29
29,43,14,75,3871,normal,29
29,44,21,81,3871,normal,29
29,45,13,55,3871,normal,29
29,46,18,51,3871,normal,29
29,47,53,82,3871,normal,29
29,48,75,64,3871,normal,29
29,49,63,86,3871,normal,29
29,50,20,93,3871,normal,29
29,51,22,65,3871,normal,29
29,52,8,55,3871,normal,29
29,53,9,81,3871,normal,29
29,54,12,87,3871,normal,29
29,55,6,62,3871,normal,29
29,56,7,99,3871,normal,29
29,57,14,95,3871,normal,29
29,58,15,56,3871,normal,29
29,59,2,68,3871,normal,29
29,60,6,69,3871,normal,29
29,61,9,73,3871,normal,29
29,62,10,67,3871,normal,29
29,63,6,87,3871,normal,29
29,64,11,62,3871,normal,29
29,65,23,63,3871,normal,29
29,66,9,88,3871,normal,29
29,67,6,62,3871,normal,29
29,68,10,60,3871,normal,29
29,69,12,94,3871,normal,29
29,70,5,57,3871,normal,29
29,71,23,70,3871,normal,29
29,72,10,94,3871,normal,29
29,73,7,58,3871,normal,29
29,74,61,83,3871,normal,29
29,75,21,56,3871,normal,29
29,76,2,53,3871,normal,29
29,77,9,72,3871,normal,29
29,78,15,70,3871,normal,29
29,79,3,59,3871,normal,29
29,80,13,76,3871,normal,29
29,81,87,51,3871,normal,29
29,82,21,57,3871,normal,29
29,83,20,94,3871,normal,29
29,84,7,84,3871,normal,29
29,85,9,99,3871,normal,29
29,86,90,69,3871,normal,29
29,87,14,86,3871,normal,29
29,88,3,92,3871,normal,29
29,89,4,77,3871,normal,29
29,90,9,59,3871,normal,29
29,91,4,56,3871,normal,29
29,92,23,84,3871,normal,29
29,93,13,99,3871,normal,29
29,94,13,68,3871,normal,29
29,95,24,90,3871,normal,29
29,96,10,63,3871,normal,29
29,97,19,87,3871,normal,29
29,98,14,66,3871,normal,29
29,99,15,94,3871,normal,29
30,0,2,60,3719,uniform,30
30,1,1,81,3719,uniform,30
30,2,14,71,3719,uniform,30
30,3,11,61,3719,uniform,30
30,4,4,93,3719,uniform,30
30,5,8,60,3719,uniform,30
30,6,9,90,3719,uniform,30
30,7,14,70,3719,uniform,30
30,8,21,81,3719,uniform,30
30,9,10,61,3719,uniform,30
30,10,1,93,3719,uniform,30
30,11,94,94,3719,uniform,30
30,12,11,71,3719,uniform,30
30,13,16,63,3719,uniform,30
30,14,2,98,3719,uniform,30
30,15,5,52,3719,uniform,30
30,16,11,52,3719,uniform,30
30,17,8,68,3719,uniform,30
30,18,12,62,3719,uniform,30
30,19,4,54,3719,uniform,30
30,20,20,70,3719,uniform,30
30,21,14,68,3719,uniform,30
30,22,6,91,3719,uniform,30
30,23,19,92,3719,uniform,30
30,24,17,79,3719,uniform,30
30,25,11,95,3719,uniform,30
30,26,16,76,3719,uniform,30
30,27,7,77,3719,uniform,30
30,28,18,74,3719,uniform,30
30,29,58,88,3719,uniform,30
30,30,17,50,3719,uniform,30
30,31,63,89,3719,uniform,30
30,32,6,72,3719,uniform,30
30,33,17,81,3719,uniform,30
30,34,17,83,3719,uniform,30
30,35,10,50,3719,uniform,30
30,36,17,90,3719,uniform,30
30,37,61,50,3719,uniform,30
30,38,8,66,3719,uniform,30
30,39,8,97,3719,uniform,30
30,40,9,84,3719,uniform,30
30,41,2,54,3719,uniform,30
30,42,17,59,3719,uniform,30
30,43,3,60,3719,uniform,30
30,44,50,54,3719,uniform,30
30,45,11,61,3719,uniform,30
30,46,12,94,3719,uniform,30
30,47,5,81,3719,uniform,30
30,48,22,91,3719,uniform,30
30,49,21,80,3719,uniform,30
30,50,12,67,3719,uniform,30
30,51,4,65,3719,uniform,30
30,52,12,83,3719,uniform,30
30,53,21,57,3719,uniform,30
30,54,13,95,3719,uniform,30
30,55,13,98,3719,uniform,30
30,56,50,52,3719,uniform,30
30,57,20,64,3719,uniform,30
30,58,21,74,3719,uniform,30
30,59,62,71,3719,uniform,30
30,60,21,99,3719,uniform,30
30,61,14,53,3719,uniform,30
30,62,82,80,3719,uniform,30
30,63,6,91,3719,uniform,30
30,64,12,57,3719,uniform,30
30,65,5,64,3719,uniform,30
30,66,23,60,3719,uniform,30
30,67,6,55,3719,uniform,30
30,68,7,57,3719,uniform,30
30,69,14,72,3719,uniform,30
30,70,96,63,3719,uniform,30
30,71,7,56,3719,uniform,30
30,72,7,66,3719,uniform,30
30,73,19,61,3719,uniform,30
30,74,13,63,3719,uniform,30
30,75,21,57,3719,uniform,30
30,76,2,85,3719,uniform,30
30,77,15,83,3719,uniform,30
30,78,23,92,3719,uniform,30
30,79,13,56,3719,uniform,30
30,80,18,51,3719,uniform,30
30,81,1,99,3719,uniform,30
30,82,16,57,3719,uniform,30
30,83,19,89,3719,uniform,30
30,84,21,98,3719,uniform,30
30,85,11,53,3719,uniform,30
30,86,10,51,3719,uniform,30
30,87,5,98,3719,uniform,30
30,88,18,70,3719,uniform,30
30,89,17,69,3719,uniform,30
30,90,20,61,3719,uniform,30
30,91,9,79,3719,uniform,30
30,92,6,76,3719,uniform,30
30,93,12,92,3719,uniform,30
30,94,13,77,3719,uniform,30
30,95,14,59,3719,uniform,30
30,96,12,72,3719,uniform,30
30,97,90,55,3719,uniform,30
30,98,16,71,3719,uniform,30
30,99,22,75,3719,uniform,30
31,0,22,92,4382,normal,31
31,1,11,90,4382,normal,31
31,2,7,50,4382,normal,31
31,3,20,86,4382,normal,31
31,4,4,51,4382,normal,31
31,5,5,96,4382,normal,31
31,6,10,82,4382,normal,31
31,7,19,51,4382,normal,31
31,8,6,79,4382,normal,31
31,9,4,77,4382,normal,31
31,10,10,84,4382,normal,31
31,11,14,85,4382,normal,31
31,12,67,50,4382,normal,31
31,13,54,87,4382,normal,31
31,14,19,90,4382,normal,31
31,15,2,85,4382,normal,31
31,16,22,83,4382,normal,31
31,17,2,61,4382,normal,31
31,18,53,71,4382,normal,31
31,19,51,76,4382,normal,31
31,20,12,92,4382,normal,31
31,21,15,97,4382,normal,31
31,22,56,80,4382,normal,31
31,23,96,69,4382,normal,31
31,24,4,69,4382,normal,31
31,25,10,63,4382,normal,31
31,26,15,93,4382,normal,31
31,27,4,83,4382,normal,31
31,28,7,71,4382,normal,31
31,29,4,81,4382,normal,31
31,30,23,60,4382,normal,31
31,31,18,75,4382,normal,31
31,32,3,92,4382,normal,31
31,33,15,85,4382,normal,31
31,34,2,79,4382,normal,31
31,35,50,71,4382,normal,31
31,36,7,77,4382,normal,31
31,37,18,57,4382,normal,31
31,38,22,54,4382,normal,31
31,39,21,82,4382,normal,31
31,40,9,64,4382,normal,31
31,41,11,99,4382,normal,31
31,42,12,58,4382,normal,31
31,43,7,61,4382,normal,31
31,44,3,86,4382,normal,31
31,45,3,87,4382,normal,31
31,46,14,96,4382,normal,31
31,47,13,50,4382,normal,31
31,48,13,70,4382,normal,31
31,49,11,78,4382,normal,31
31,50,4,78,4382,normal,31
31,51,7,91,4382,normal,31
31,52,9,85,4382,normal,31
31,53,20,60,4382,normal,31
31,54,3,88,4382,normal,31
31,55,9,54,4382,normal,31
31,56,12,63,4382,normal,31
31,57,20,98,4382,normal,31
31,58,78,94,4382,normal,31
31,59,21,62,4382,normal,31
31,60,21,90,4382,normal,31
31,61,9,89,4382,normal,31
31,62,19,90,4382,normal,31
31,63,21,59,4382,normal,31
31,64,12,69,4382,normal,31
31,65,6,78,4382,normal,31
31,66,13,79,4382,normal,31
31,67,24,70,4382,normal,31
31,68,22,75,4382,normal,31
31,69,13,64,4382,normal,31
31,70,10,77,4382,normal,31
31,71,8,69,4382,normal,31
31,72,18,96,4382,normal,31
31,73,15,68,4382,normal,31
31,74,19,84,4382,normal,31
31,75,3,75,4382,normal,31
31,76,19,70,4382,normal,31
31,77,23,99,4382,normal,31
31,78,9,99,4382,normal,31
31,79,5,84,4382,normal,31
31,80,1,84,4382,normal,31
31,81,17,67,4382,normal,31
31,82,4,78,4382,normal,31
31,83,8,68,4382,normal,31
31,84,14,51,4382,normal,31
31,85,14,65,4382,normal,31
31,86,18,82,4382,normal,31
31,87,5,95,4382,normal,31
31,88,7,65,4382,normal,31
31,89,57,64,4382,normal,31
31,90,18,69,4382,normal,31
31,91,10,50,4382,normal,31
31,92,69,69,4382,normal,31
31,93,7,91,4382,normal,31
31,94,17,65,4382,normal,31
31,95,5,53,4382,normal,31
31,96,17,89,4382,normal,31
31,97,19,70,4382,normal,31
31,98,19,67,4382,normal,31
31,99,21,95,4382,normal,31
32,0,20,78,3455,uniform,32
32,1,19,62,3455,uniform,32
32,2,1,87,3455,uniform,32
32,3,18,96,3455,uniform,32
32,4,84,59,3455,uniform,32
32,5,6,70,3455,uniform,32
32,6,14,63,3455,uniform,32
32,7,10,83,3455,uniform,32
32,8,3,68,3455,uniform,32
32,9,6,75,3455,uniform,32
32,10,18,64,3455,uniform,32
32,11,8,79,3455,uniform,32
32,12,5,81,3455,uniform,32
32,13,17,72,3455,uniform,32
32,14,3,65,3455,uniform,32
32,15,5,66,3455,uniform,32
32,16,11,99,3455,uniform,32
32,17,7,87,3455,uniform,32
32,18,6,73,3455,uniform,32
32,19,14,91,3455,uniform,32
32,20,10,53,3455,uniform,32
32,21,73,91,3455,uniform,32
32,22,21,67,3455,uniform,32
32,23,1,83,3455,uniform,32
32,24,1,50,3455,uniform,32
32,25,5,80,3455,uniform,32
32,26,6,92,3455,uniform,32
32,27,5,87,3455,uniform,32
32,28,13,69,3455,uniform,32
32,29,17,90,3455,uniform,32
32,30,6,94,3455,uniform,32
32,31,4,55,3455,uniform,32
32,32,24,69,3455,uniform,32
32,33,15,93,3455,uniform,32
32,34,20,52,3455,uniform,32
32,35,74,91,3455,uniform,32
32,36,50,93,3455,uniform,32
32,37,13,92,3455,uniform,32
32,38,94,80,3455,uniform,32
32,39,12,83,3455,uniform,32
32,40,22,50,3455,uniform,32
32,41,12,99,3455,uniform,32
32,42,9,98,3455,uniform,32
32,43,18,96,3455,uniform,32
32,44,11,77,3455,uniform,32
32,45,21,64,3455,uniform,32
32,46,5,97,3455,uniform,32
32,47,23,81,3455,uniform,32
32,48,4,72,3455,uniform,32
32,49,6,94,3455,uniform,32
32,50,3,88,3455,uniform,32
32,51,4,68,3455,uniform,32
32,52,10,60,3455,uniform,32
32,53,15,78,3455,uniform,32
32,54,22,79,3455,uniform,32
32,55,19,88,3455,uniform,32
32,56,95,86,3455,uniform,32
32,57,14,97,3455,uniform,32
32,58,17,62,3455,uniform,32
32,59,72,67,3455,uniform,32
32,60,19,91,3455,uniform,32
32,61,16,90,3455,uniform,32
32,62,13,71,3455,uniform,32
32,63,15,72,3455,uniform,32
32,64,9,91,3455,uniform,32
32,65,14,53,3455,uniform,32
32,66,8,79,3455,uniform,32
32,67,24,57,3455,uniform,32
32,68,2,51,3455,uniform,32
32,69,6,63,3455,uniform,32
32,70,5,83,3455,uniform,32
32,71,8,75,3455,uniform,32
32,72,10,51,3455,uniform,32
32,73,8,81,3455,uniform,32
32,74,8,78,3455,uniform,32
32,75,5,85,3455,uniform,32
32,76,55,65,3455,uniform,32
32,77,11,77,3455,uniform,32
32,78,83,78,3455,uniform,32
32,79,13,86,3455,uniform,32
32,80,2,55,3455,uniform,32
32,81,63,86,3455,uniform,32
32,82,3,59,3455,uniform,32
32,83,7,98,3455,uniform,32
32,84,18,63,3455,uniform,32
32,85,24,63,3455,uniform,32
32,86,16,70,3455,uniform,32
32,87,10,80,3455,uniform,32
32,88,18,57,3455,uniform,32
32,89,18,71,3455,uniform,32
32,90,14,58,3455,uniform,32
32,91,24,56,3455,uniform,32
32,92,11,80,3455,uniform,32
32,93,19,60,3455,uniform,32
32,94,23,55,3455,uniform,32
32,95,4,74,3455,uniform,32
32,96,3,59,3455,uniform,32
32,97,11,96,3455,uniform,32
32,98,24,69,3455,uniform,32
32,99,21,85,3455,uniform,32
33,0,17,87,2650,exponential,33
33,1,21,69,2650,exponential,33
33,2,3,98,2650,exponential,33
33,3,90,61,2650,exponential,33
33,4,14,60,2650,exponential,33
33,5,16,93,2650,exponential,33
33,6,62,92,2650,exponential,33
33,7,22,73,2650,exponential,33
33,8,14,97,2650,exponential,33
33,9,19,53,2650,exponential,33
33,10,62,70,2650,exponential,33
33,11,17,81,2650,exponential,33
33,12,9,94,2650,exponential,33
33,13,18,99,2650,exponential,33
33,14,72,74,2650,exponential,33
33,15,2,64,2650,exponential,33
33,16,12,64,2650,exponential,33
33,17,19,93,2650,exponential,33
33,18,10,89,2650,exponential,33
33,19,22,73,2650,exponential,33
33,20,3,70,2650,exponential,33
33,21,20,93,2650,exponential,33
33,22,1,52,2650,exponential,33
33,23,23,50,2650,exponential,33
33,24,17,86,2650,exponential,33
33,25,17,72,2650,exponential,33
33,26,3,82,2650,exponential,33
33,27,12,88,2650,exponential,33
33,28,16,51,2650,exponential,33
33,29,8,87,2650,exponential,33
33,30,9,71,2650,exponential,33
33,31,5,70,2650,exponential,33
33,32,20,91,2650,exponential,33
33,33,21,94,2650,exponential,33
33,34,9,93,2650,exponential,33
33,35,5,66,2650,exponential,33
33,36,10,55,2650,exponential,33
33,37,15,98,2650,exponential,33
33,38,18,91,2650,exponential,33
33,39,13,94,2650,exponential,33
33,40,5,94,2650,exponential,33
33,41,16,62,2650,exponential,33
33,42,2,71,2650,exponential,33
33,43,57,96,2650,exponential,33
33,44,88,92,2650,exponential,33
33,45,24,76,2650,exponential,33
33,46,3,73,2650,exponential,33
33,47,1,54,2650,exponential,33
33,48,11,75,2650,exponential,33
33,49,24,60,2650,exponential,33
33,50,7,81,2650,exponential,33
33,51,1,68,2650,exponential,33
33,52,16,77,2650,exponential,33
33,53,21,77,2650,exponential,33
33,54,57,76,2650,exponential,33
33,55,3,84,2650,exponential,33
33,56,13,77,2650,exponential,33
33,57,11,91,2650,exponential,33
33,58,9,64,2650,exponential,33
33,59,1,51,2650,exponential,33
33,60,16,80,2650,exponential,33
33,61,11,53,2650,exponential,33
33,62,6,92,2650,exponential,33
33,63,12,74,2650,exponential,33
33,64,16,88,2650,exponential,33
33,65,10,68,2650,exponential,33
33,66,1,52,2650,exponential,33
33,67,4,70,2650,exponential,33
33,68,9,84,2650,exponential,33
33,69,23,83,2650,exponential,33
33,70,24,99,2650,exponential,33
33,71,22,95,2650,exponential,33
33,72,3,94,2650,exponential,33
33,73,16,85,2650,exponential,33
33,74,4,88,2650,exponential,33
33,75,9,51,2650,exponential,33
33,76,10,79,2650,exponential,33
33,77,16,59,2650,exponential,33
33,78,4,56,2650,exponential,33
33,79,4,75,2650,exponential,33
33,80,20,95,2650,exponential,33
33,81,63,67,2650,exponential,33
33,82,13,99,2650,exponential,33
33,83,15,74,2650,exponential,33
33,84,3,52,2650,exponential,33
33,85,73,53,2650,exponential,33
33,86,1,61,2650,exponential,33
33,87,20,74,2650,exponential,33
33,88,4,85,2650,exponential,33
33,89,23,75,2650,exponential,33
33,90,4,74,2650,exponential,33
33,91,15,62,2650,exponential,33
33,92,12,54,2650,exponential,33
33,93,24,54,2650,exponential,33
33,94,9,65,2650,exponential,33
33,95,16,59,2650,exponential,33
33,96,5,96,2650,exponential,33
33,97,20,59,2650,exponential,33
33,98,15,60,2650,exponential,33
33,99,78,97,2650,exponential,33
34,0,14,68,2935,exponential,34
34,1,23,62,2935,exponential,34
34,2,7,50,2935,exponential,34
34,3,12,99,2935,exponential,34
34,4,79,84,2935,exponential,34
34,5,21,55,2935,exponential,34
34,6,8,97,2935,exponential,34
34,7,16,55,2935,exponential,34
34,8,7,78,2935,exponential,34
34,9,9,91,2935,exponential,34
34,10,11,77,2935,exponential,34
34,11,19,92,2935,exponential,34
34,12,2,57,2935,exponential,34
34,13,9,68,2935,exponential,34
34,14,17,59,2935,exponential,34
34,15,14,58,2935,exponential,34
34,16,8,62,2935,exponential,34
34,17,2,93,2935,exponential,34
34,18,2,81,2935,exponential,34
34,19,71,53,2935,exponential,34
34,20,5,60,2935,exponential,34
34,21,7,86,2935,exponential,34
34,22,22,56,2935,exponential,34
34,23,51,67,2935,exponential,34
34,24,20,62,2935,exponential,34
34,25,24,91,2935,exponential,34
34,26,22,81,2935,exponential,34
34,27,14,58,2935,exponential,34
34,28,20,96,2935,exponential,34
34,29,22,99,2935,exponential,34
34,30,7,81,2935,exponential,34
34,31,6,88,2935,exponential,34
34,32,3,99,2935,exponential,34
34,33,11,82,2935,exponential,34
34,34,12,98,2935,exponential,34
34,35,6,67,2935,exponential,34
34,36,10,90,2935,exponential,34
34,37,8,85,2935,exponential,34
34,38,10,87,2935,exponential,34
34,39,22,88,2935,exponential,34
34,40,21,89,2935,exponential,34
34,41,1,92,2935,exponential,34
34,42,11,69,2935,exponential,34
34,43,10,66,2935,exponential,34
34,44,19,69,2935,exponential,34
34,45,24,74,2935,exponential,34
34,46,7,92,2935,exponential,34
34,47,93,81,2935,exponential,34
34,48,21,68,2935,exponential,34
34,49,7,92,2935,exponential,34
34,50,78,71,2935,exponential,34
34,51,14,95,2935,exponential,34
34,52,12,74,2935,exponential,34
34,53,57,66,2935,exponential,34
34,54,14,92,2935,exponential,34
34,55,4,64,2935,exponential,34
34,56,12,79,2935,exponential,34
34,57,24,74,2935,exponential,34
34,58,8,94,2935,exponential,34
34,59,22,70,2935,exponential,34
34,60,10,66,2935,exponential,34
34,61,14,72,2935,exponential,34
34,62,14,61,2935,exponential,34
34,63,20,94,2935,exponential,34
34,64,73,86,2935,exponential,34
34,65,21,84,2935,exponential,34
34,66,85,83,2935,exponential,34
34,67,15,77,2935,exponential,34
34,68,15,76,2935,exponential,34
34,69,13,57,2935,exponential,34
34,70,13,70,2935,exponential,34
34,71,14,94,2935,exponential,34
34,72,8,75,2935,exponential,34
34,73,10,99,2935,exponential,34
34,74,4,53,2935,exponential,34
34,75,24,91,2935,exponential,34
34,76,6,78,2935,exponential,34
34,77,10,81,2935,exponential,34
34,78,12,67,2935,exponential,34
34,79,17,69,2935,exponential,34
34,80,16,98,2935,exponential,34
34,81,3,63,2935,exponential,34
34,82,3,55,2935,exponential,34
34,83,6,98,2935,exponential,34
34,84,24,53,2935,exponential,34
34,85,7,54,2935,exponential,34
34,86,85,65,2935,exponential,34
34,87,7,94,2935,exponential,34
34,88,22,88,2935,exponential,34
34,89,3,60,2935,exponential,34
34,90,3,70,2935,exponential,34
34,91,16,50,2935,exponential,34
34,92,7,66,2935,exponential,34
34,93,1,90,2935,exponential,34
34,94,20,70,2935,exponential,34
34,95,12,69,2935,exponential,34
34,96,11,90,2935,exponential,34
34,97,75,78,2935,exponential,34
34,98,24,91,2935,exponential,34
34,99,3,84,2935,exponential,34
35,0,12,87,4979,uniform,35
35,1,6,70,4979,uniform,35
35,2,7,87,4979,uniform,35
35,3,17,91,4979,uniform,35
35,4,1,81,4979,uniform,35
35,5,18,77,4979,uniform,35
35,6,5,68,4979,uniform,35
35,7,84,64,4979,uniform,35
35,8,17,64,4979,uniform,35
35,9,14,79,4979,uniform,35
35,10,10,96,4979,uniform,35
35,11,11,63,4979,uniform,35
35,12,15,77,4979,uniform,35
35,13,3,61,4979,uniform,35
35,14,51,81,4979,uniform,35
35,15,3,51,4979,uniform,35
35,16,62,69,4979,uniform,35
35,17,1,89,4979,uniform,35
35,18,9,58,4979,uniform,35
35,19,2,90,4979,uniform,35
35,20,24,94,4979,uniform,35
35,21,3,87,4979,uniform,35
35,22,4,88,4979,uniform,35
35,23,23,73,4979,uniform,35
35,24,11,96,4979,uniform,35
35,25,15,76,4979,uniform,35
35,26,23,59,4979,uniform,35
35,27,20,70,4979,uniform,35
35,28,2,94,4979,uniform,35
35,29,14,65,4979,uniform,35
35,30,16,74,4979,uniform,35
35,31,59,79,4979,uniform,35
35,32,6,56,4979,uniform,35
35,33,5,92,4979,uniform,35
35,34,2,85,4979,uniform,35
35,35,8,52,4979,uniform,35
35,36,23,67,4979,uniform,35
35,37,21,74,4979,uniform,35
35,38,19,58,4979,uniform,35
35,39,7,97,4979,uniform,35
35,40,12,60,4979,uniform,35
35,41,87,80,4979,uniform,35
35,42,23,87,4979,uniform,35
35,43,21,70,4979,uniform,35
35,44,13,51,4979,uniform,35
35,45,2,58,4979,uniform,35
35,46,15,55,4979,uniform,35
35,47,22,69,4979,uniform,35
35,48,10,74,4979,uniform,35
35,49,9,79,4979,uniform,35
35,50,20,58,4979,uniform,35
35,51,4,99,4979,uniform,35
35,52,18,82,4979,uniform,35
35,53,22,58,4979,uniform,35
35,54,15,68,4979,uniform,35
35,55,93,70,4979,uniform,35
35,56,18,87,4979,uniform,35
35,57,71,60,4979,uniform,35
35,58,11,86,4979,uniform,35
35,59,9,86,4979,uniform,35
35,60,23,86,4979,uniform,35
35,61,20,70,4979,uniform,35
35,62,7,82,4979,uniform,35
35,63,4,71,4979,uniform,35
35,64,19,92,4979,uniform,35
35,65,17,97,4979,uniform,35
35,66,1,88,4979,uniform,35
35,67,4,93,4979,uniform,35
35,68,16,50,4979,uniform,35
35,69,24,68,4979,uniform,35
35,70,7,74,4979,uniform,35
35,71,13,95,4979,uniform,35
35,72,17,98,4979,uniform,35
35,73,9,92,4979,uniform,35
35,74,11,86,4979,uniform,35
35,75,15,75,4979,uniform,35
35,76,4,73,4979,uniform,35
35,77,19,72,4979,uniform,35
35,78,53,56,4979,uniform,35
35,79,11,81,4979,uniform,35
35,80,14,75,4979,uniform,35
35,81,18,76,4979,uniform,35
35,82,24,52,4979,uniform,35
35,83,55,81,4979,uniform,35
35,84,12,82,4979,uniform,35
35,85,19,82,4979,uniform,35
35,86,17,65,4979,uniform,35
35,87,10,71,4979,uniform,35
35,88,3,85,4979,uniform,35
35,89,14,75,4979,uniform,35
35,90,16,73,4979,uniform,35
35,91,90,63,4979,uniform,35
35,92,1,51,4979,uniform,35
35,93,10,63,4979,uniform,35
35,94,5,96,4979,uniform,35
35,95,7,84,4979,uniform,35
35,96,10,75,4979,uniform,35
35,97,18,54,4979,uniform,35
35,98,13,92,4979,uniform,35
35,99,22,80,4979,uniform,35
36,0,9,56,4798,exponential,36
36,1,21,85,4798,exponential,36
36,2,15,68,4798,exponential,36
36,3,17,94,4798,exponential,36
36,4,11,83,4798,exponential,36
36,5,21,50,4798,exponential,36
36,6,19,86,4798,exponential,36
36,7,14,83,4798,exponential,36
36,8,7,72,4798,exponential,36
36,9,24,68,4798,exponential,36
36,10,21,78,4798,exponential,36
36,11,8,53,4798,exponential,36
36,12,17,70,4798,exponential,36
36,13,24,85,4798,exponential,36
36,14,7,60,4798,exponential,36
36,15,1,59,4798,exponential,36
36,16,8,96,4798,exponential,36
36,17,8,85,4798,exponential,36
36,18,5,72,4798,exponential,36
36,19,18,74,4798,exponential,36
36,20,11,82,4798,exponential,36
36,21,11,52,4798,exponential,36
36,22,11,78,4798,exponential,36
36,23,21,93,4798,exponential,36
36,24,11,84,4798,exponential,36
36,25,21,91,4798,exponential,36
36,26,23,77,4798,exponential,36
36,27,81,59,4798,exponential,36
36,28,1,99,4798,exponential,36
36,29,19,80,4798,exponential,36
36,30,5,52,4798,exponential,36
36,31,12,80,4798,exponential,36
36,32,73,86,4798,exponential,36
36,33,5,82,4798,exponential,36
36,34,8,73,4798,exponential,36
36,35,16,70,4798,exponential,36
36,36,24,96,4798,exponential,36
36,37,12,77,4798,exponential,36
36,38,1,63,4798,exponential,36
36,39,73,80,4798,exponential,36
36,40,15,55,4798,exponential,36
36,41,11,53,4798,exponential,36
36,42,21,57,4798,exponential,36
36,43,1,60,4798,exponential,36
36,44,24,95,4798,exponential,36
36,45,9,98,4798,exponential,36
36,46,11,96,4798,exponential,36
36,47,2,78,4798,exponential,36
36,48,68,85,4798,exponential,36
36,49,13,98,4798,exponential,36
36,50,10,76,4798,exponential,36
36,51,16,58,4798,exponential,36
36,52,13,74,4798,exponential,36
36,53,1,57,4798,exponential,36
36,54,7,63,4798,exponential,36
36,55,72,90,4798,exponential,36
36,56,3,79,4798,exponential,36
36,57,18,87,4798,exponential,36
36,58,6,75,4798,exponential,36
36,59,84,64,4798,exponential,36
36,60,2,94,4798,exponential,36
36,61,22,65,4798,exponential,36
36,62,15,90,4798,exponential,36
36,63,10,64,4798,exponential,36
36,64,2,83,4798,exponential,36
36,65,23,59,4798,exponential,36
36,66,19,90,4798,exponential,36
36,67,9,71,4798,exponential,36
36,68,14,76,4798,exponential,36
36,69,16,99,4798,exponential,36
36,70,16,94,4798,exponential,36
36,71,7,92,4798,exponential,36
36,72,8,64,4798,exponential,36
36,73,2,88,4798,exponential,36
36,74,9,98,4798,exponential,36
36,75,18,74,4798,exponential,36
36,76,8,66,4798,exponential,36
36,77,12,83,4798,exponential,36
36,78,57,95,4798,exponential,36
36,79,3,55,4798,exponential,36
36,80,91,60,4798,exponential,36
36,81,66,98,4798,exponential,36
36,82,12,79,4798,exponential,36
36,83,18,64,4798,exponential,36
36,84,16,78,4798,exponential,36
36,85,9,58,4798,exponential,36
36,86,51,81,4798,exponential,36
36,87,23,93,4798,exponential,36
36,88,7,52,4798,exponential,36
36,89,12,65,4798,exponential,36
36,90,10,87,4798,exponential,36
36,91,8,66,4798,exponential,36
36,92,17,81,4798,exponential,36
36,93,5,57,4798,exponential,36
36,94,24,59,4798,exponential,36
36,95,18,83,4798,exponential,36
36,96,4,62,4798,exponential,36
36,97,17,65,4798,exponential,36
36,98,17,95,4798,exponential,36
36,99,4,96,4798,exponential,36
37,0,10,79,3385,normal,37
37,1,19,60,3385,normal,37
37,2,24,98,3385,normal,37
37,3,3,56,3385,normal,37
37,4,2,92,3385,normal,37
37,5,13,61,3385,normal,37
37,6,19,92,3385,normal,37
37,7,23,93,3385,normal,37
37,8,9,64,3385,normal,37
37,9,23,67,3385,normal,37
37,10,18,86,3385,normal,37
37,11,10,80,3385,normal,37
37,12,92,94,3385,normal,37
37,13,17,83,3385,normal,37
37,14,84,80,3385,normal,37
37,15,22,94,3385,normal,37
37,16,5,60,3385,normal,37
37,17,87,53,3385,normal,37
37,18,12,62,3385,normal,37
37,19,3,61,3385,normal,37
37,20,5,72,3385,normal,37
37,21,12,80,3385,normal,37
37,22,8,56,3385,normal,37
37,23,14,58,3385,normal,37
37,24,23,59,3385,normal,37
37,25,11,68,3385,normal,37
37,26,12,83,3385,normal,37
37,27,69,88,3385,normal,37
37,28,4,58,3385,normal,37
37,29,22,78,3385,normal,37
37,30,13,94,3385,normal,37
37,31,12,92,3385,normal,37
37,32,21,87,3385,normal,37
37,33,16,99,3385,normal,37
37,34,22,63,3385,normal,37
37,35,9,56,3385,normal,37
37,36,8,94,3385,normal,37
37,37,12,99,3385,normal,37
37,38,12,50,3385,normal,37
37,39,14,90,3385,normal,37
37,40,6,52,3385,normal,37
37,41,12,95,3385,normal,37
37,42,14,74,3385,normal,37
37,43,24,55,3385,normal,37
37,44,21,86,3385,normal,37
37,45,16,76,3385,normal,37
37,46,15,69,3385,normal,37
37,47,99,71,3385,normal,37
37,48,66,72,3385,normal,37
37,49,89,60,3385,normal,37
37,50,3,54,3385,normal,37
37,51,60,61,3385,normal,37
37,52,24,63,3385,normal,37
37,53,16,94,3385,normal,37
37,54,11,91,3385,normal,37
37,55,11,77,3385,normal,37
37,56,3,69,3385,normal,37
37,57,24,92,3385,normal,37
37,58,4,81,3385,normal,37
37,59,2,75,3385,normal,37
37,60,19,53,3385,normal,37
37,61,5,82,3385,normal,37
37,62,1,68,3385,normal,37
37,63,24,67,3385,normal,37
37,64,7,75,3385,normal,37
37,65,15,50,3385,normal,37
37,66,12,90,3385,normal,37
37,67,8,60,3385,normal,37
37,68,17,68,3385,normal,37
37,69,78,97,3385,normal,37
37,70,14,91,3385,normal,37
37,71,12,77,3385,normal,37
37,72,17,59,3385,normal,37
37,73,14,61,3385,normal,37
37,74,11,64,3385,normal,37
37,75,4,96,3385,normal,37
37,76,12,64,3385,normal,37
37,77,11,63,3385,normal,37
37,78,23,95,3385,normal,37
37,79,5,95,3385,normal,37
37,80,2,54,3385,normal,37
37,81,18,75,3385,normal,37
37,82,16,70,3385,normal,37
37,83,5,52,3385,normal,37
37,84,15,75,3385,normal,37
37,85,8,87,3385,normal,37
37,86,6,72,3385,normal,37
37,87,20,86,3385,normal,37
37,88,11,98,3385,normal,37
37,89,4,53,3385,normal,37
37,90,69,70,3385,normal,37
37,91,13,70,3385,normal,37
37,92,18,54,3385,normal,37
37,93,24,87,3385,normal,37
37,94,16,72,3385,normal,37
37,95,18,63,3385,normal,37
37,96,11,66,3385,normal,37
37,97,23,50,3385,normal,37
37,98,22,84,3385,normal,37
37,99,14,71,3385,normal,37
38,0,11,83,3891,exponential,38
38,1,61,58,3891,exponential,38
38,2,4,71,3891,exponential,38
38,3,15,88,3891,exponential,38
38,4,14,88,3891,exponential,38
38,5,6,65,3891,exponential,38
38,6,19,90,3891,exponential,38
38,7,13,76,3891,exponential,38
38,8,86,58,3891,exponential,38
38,9,5,84,3891,exponential,38
38,10,11,97,3891,exponential,38
38,11,17,64,3891,exponential,38
38,12,6,86,3891,exponential,38
38,13,17,77,3891,exponential,38
38,14,6,70,3891,exponential,38
38,15,7,62,3891,exponential,38
38,16,4,84,3891,exponential,38
38,17,10,80,3891,exponential,38
38,18,13,89,3891,exponential,38
38,19,13,63,3891,exponential,38
38,20,6,59,3891,exponential,38
38,21,7,69,3891,exponential,38
38,22,16,74,3891,exponential,38
38,23,1,88,3891,exponential,38
38,24,11,67,3891,exponential,38
38,25,74,96,3891,exponential,38
38,26,1,73,3891,exponential,38
38,27,22,76,3891,exponential,38
38,28,8,72,3891,exponential,38
38,29,1,77,3891,exponential,38
38,30,2,79,3891,exponential,38
38,31,24,71,3891,exponential,38
38,32,18,80,3891,exponential,38
38,33,75,67,3891,exponential,38
38,34,7,98,3891,exponential,38
38,35,11,99,3891,exponential,38
38,36,72,51,3891,exponential,38
38,37,4,94,3891,exponential,38
38,38,12,53,3891,exponential,38
38,39,16,65,3891,exponential,38
38,40,22,93,3891,exponential,38
38,41,11,71,3891,exponential,38
38,42,16,85,3891,exponential,38
38,43,21,57,3891,exponential,38
38,44,20,75,3891,exponential,38
38,45,22,93,3891,exponential,38
38,46,4,53,3891,exponential,38
38,47,2,89,3891,exponential,38
38,48,9,82,3891,exponential,38
38,49,18,63,3891,exponential,38
38,50,1,51,3891,exponential,38
38,51,15,67,3891,exponential,38
38,52,21,88,3891,exponential,38
38,53,16,98,3891,exponential,38
38,54,21,79,3891,exponential,38
38,55,20,99,3891,exponential,38
38,56,19,65,3891,exponential,38
38,57,23,59,3891,exponential,38
38,58,22,69,3891,exponential,38
38,59,58,86,3891,exponential,38
38,60,3,59,3891,exponential,38
38,61,14,89,3891,exponential,38
38,62,19,90,3891,exponential,38
38,63,6,84,3891,exponential,38
38,64,4,97,3891,exponential,38
38,65,19,98,3891,exponential,38
38,66,6,79,3891,exponential,38
38,67,17,72,3891,exponential,38
38,68,12,96,3891,exponential,38
38,69,50,99,3891,exponential,38
38,70,50,99,3891,exponential,38
38,71,17,79,3891,exponential,38
38,72,5,81,3891,exponential,38
38,73,15,70,3891,exponential,38
38,74,4,90,3891,exponential,38
38,75,13,64,3891,exponential,38
38,76,16,55,3891,exponential,38
38,77,17,64,3891,exponential,38
38,78,11,86,3891,exponential,38
38,79,24,81,3891,exponential,38
38,80,7,58,3891,exponential,38
38,81,8,84,3891,exponential,38
38,82,23,92,3891,exponential,38
38,83,17,51,3891,exponential,38
38,84,21,86,3891,exponential,38
38,85,11,60,3891,exponential,38
38,86,19,55,3891,exponential,38
38,87,12,98,3891,exponential,38
38,88,99,51,3891,exponential,38
38,89,81,72,3891,exponential,38
38,90,17,85,3891,exponential,38
38,91,9,72,3891,exponential,38
38,92,19,80,3891,exponential,38
38,93,16,57,3891,exponential,38
38,94,2,67,3891,exponential,38
38,95,1,70,3891,exponential,38
38,96,18,76,3891,exponential,38
38,97,10,78,3891,exponential,38
38,98,4,62,3891,exponential,38
38,99,24,82,3891,exponential,38
39,0,16,70,3561,normal,39
39,1,62,59,3561,normal,39
39,2,20,93,3561,normal,39
39,3,20,94,3561,normal,39
39,4,96,57,3561,normal,39
39,5,59,69,3561,normal,39
39,6,4,63,3561,normal,39
39,7,19,92,3561,normal,39
39,8,19,66,3561,normal,39
39,9,20,75,3561,normal,39
39,10,18,98,3561,normal,39
39,11,3,90,3561,normal,39
39,12,22,51,3561,normal,39
39,13,11,50,3561,normal,39
39,14,7,55,3561,normal,39
39,15,9,69,3561,normal,39
39,16,7,85,3561,normal,39
39,17,15,90,3561,normal,39
39,18,3,79,3561,normal,39
39,19,19,81,3561,normal,39
39,20,23,58,3561,normal,39
39,21,22,77,3561,normal,39
39,22,22,57,3561,normal,39
39,23,2,95,3561,normal,39
39,24,23,69,3561,normal,39
39,25,21,55,3561,normal,39
39,26,16,58,3561,normal,39
39,27,10,64,3561,normal,39
39,28,11,94,3561,normal,39
39,29,57,78,3561,normal,39
39,30,18,73,3561,normal,39
39,31,23,89,3561,normal,39
39,32,10,64,3561,normal,39
39,33,3,55,3561,normal,39
39,34,12,91,3561,normal,39
39,35,17,68,3561,normal,39
39,36,14,78,3561,normal,39
39,37,13,74,3561,normal,39
39,38,8,87,3561,normal,39
39,39,1,85,3561,normal,39
39,40,12,70,3561,normal,39
39,41,1,97,3561,normal,39
39,42,65,58,3561,normal,39
39,43,6,63,3561,normal,39
39,44,24,79,3561,normal,39
39,45,8,94,3561,normal,39
39,46,12,74,3561,normal,39
39,47,4,92,3561,normal,39
39,48,2,62,3561,normal,39
39,49,96,97,3561,normal,39
39,50,1,82,3561,normal,39
39,51,11,79,3561,normal,39
39,52,5,92,3561,normal,39
39,53,71,85,3561,normal,39
39,54,20,52,3561,normal,39
39,55,16,67,3561,normal,39
39,56,7,79,3561,normal,39
39,57,94,75,3561,normal,39
39,58,7,83,3561,normal,39
39,59,18,93,3561,normal,39
39,60,16,92,3561,normal,39
39,61,23,87,3561,normal,39
39,62,18,78,3561,normal,39
39,63,7,98,3561,normal,39
39,64,19,80,3561,normal,39
39,65,22,78,3561,normal,39
39,66,16,59,3561,normal,39
39,67,22,55,3561,normal,39
39,68,17,56,3561,normal,39
39,69,15,69,3561,normal,39
39,70,14,54,3561,normal,39
39,71,24,71,3561,normal,39
39,72,16,88,3561,normal,39
39,73,18,62,3561,normal,39
39,74,6,84,3561,normal,39
39,75,94,67,3561,normal,39
39,76,20,84,3561,normal,39
39,77,7,77,3561,normal,39
39,78,24,75,3561,normal,39
39,79,10,79,3561,normal,39
39,80,20,50,3561,normal,39
39,81,19,97,3561,normal,39
39,82,1,64,3561,normal,39
39,83,10,54,3561,normal,39
39,84,6,84,3561,normal,39
39,85,23,84,3561,normal,39
39,86,19,72,3561,normal,39
39,87,17,57,3561,normal,39
39,88,19,75,3561,normal,39
39,89,8,95,3561,normal,39
39,90,3,57,3561,normal,39
39,91,13,72,3561,normal,39
39,92,10,81,3561,normal,39
39,93,22,66,3561,normal,39
39,94,6,88,3561,normal,39
39,95,11,58,3561,normal,39
39,96,16,71,3561,normal,39
39,97,75,75,3561,normal,39
39,98,14,50,3561,normal,39
39,99,22,52,3561,normal,39
40,0,23,56,3508,uniform,40
40,1,7,92,3508,uniform,40
40,2,57,81,3508,uniform,40
40,3,10,78,3508,uniform,40
40,4,20,51,3508,uniform,40
40,5,20,50,3508,uniform,40
40,6,14,74,3508,uniform,40
40,7,17,72,3508,uniform,40
40,8,12,81,3508,uniform,40
40,9,12,94,3508,uniform,40
40,10,4,93,3508,uniform,40
40,11,6,75,3508,uniform,40
40,12,54,86,3508,uniform,40
40,13,12,98,3508,uniform,40
40,14,15,94,3508,uniform,40
40,15,22,73,3508,uniform,40
40,16,6,67,3508,uniform,40
40,17,24,66,3508,uniform,40
40,18,72,79,3508,uniform,40
40,19,6,91,3508,uniform,40
40,20,8,96,3508,uniform,40
40,21,10,70,3508,uniform,40
40,22,22,94,3508,uniform,40
40,23,60,56,3508,uniform,40
40,24,22,95,3508,uniform,40
40,25,6,50,3508,uniform,40
40,26,15,88,3508,uniform,40
40,27,13,66,3508,uniform,40
40,28,15,73,3508,uniform,40
40,29,3,61,3508,uniform,40
40,30,7,53,3508,uniform,40
40,31,14,93,3508,uniform,40
40,32,1,79,3508,uniform,40
40,33,21,74,3508,uniform,40
40,34,15,84,3508,uniform,40
40,35,15,77,3508,uniform,40
40,36,11,56,3508,uniform,40
40,37,10,98,3508,uniform,40
40,38,55,50,3508,uniform,40
40,39,14,65,3508,uniform,40
40,40,2,63,3508,uniform,40
40,41,11,85,3508,uniform,40
40,42,13,80,3508,uniform,40
40,43,72,93,3508,uniform,40
40,44,6,73,3508,uniform,40
40,45,12,91,3508,uniform,40
40,46,58,64,3508,uniform,40
40,47,64,82,3508,uniform,40
40,48,6,75,3508,uniform,40
40,49,24,75,3508,uniform,40
40,50,4,78,3508,uniform,40
40,51,13,58,3508,uniform,40
40,52,16,72,3508,uniform,40
40,53,5,83,3508,uniform,40
40,54,24,97,3508,uniform,40
40,55,24,63,3508,uniform,40
40,56,6,76,3508,uniform,40
40,57,68,92,3508,uniform,40
40,58,6,57,3508,uniform,40
40,59,21,88,3508,uniform,40
40,60,3,56,3508,uniform,40
40,61,3,71,3508,uniform,40
40,62,5,67,3508,uniform,40
40,63,6,67,3508,uniform,40
40,64,15,72,3508,uniform,40
40,65,13,53,3508,uniform,40
40,66,10,57,3508,uniform,40
40,67,17,59,3508,uniform,40
40,68,6,61,3508,uniform,40
40,69,8,52,3508,uniform,40
40,70,14,74,3508,uniform,40
40,71,14,78,3508,uniform,40
40,72,11,95,3508,uniform,40
40,73,6,87,3508,uniform,40
40,74,11,63,3508,uniform,40
40,75,23,92,3508,uniform,40
40,76,86,57,3508,uniform,40
40,77,17,99,3508,uniform,40
40,78,9,97,3508,uniform,40
40,79,13,50,3508,uniform,40
40,80,3,78,3508,uniform,40
40,81,4,77,3508,uniform,40
40,82,7,52,3508,uniform,40
40,83,3,68,3508,uniform,40
40,84,2,97,3508,uniform,40
40,85,3,51,3508,uniform,40
40,86,4,51,3508,uniform,40
40,87,2,80,3508,uniform,40
40,88,23,92,3508,uniform,40
40,89,19,54,3508,uniform,40
40,90,14,50,3508,uniform,40
40,91,11,74,3508,uniform,40
40,92,7,59,3508,uniform,40
40,93,15,93,3508,uniform,40
40,94,17,83,3508,uniform,40
40,95,2,57,3508,uniform,40
40,96,16,77,3508,uniform,40
40,97,13,72,3508,uniform,40
40,98,7,68,3508,uniform,40
40,99,9,84,3508,uniform,40
41,0,12,57,4020,exponential,41
41,1,15,65,4020,exponential,41
41,2,9,78,4020,exponential,41
41,3,7,72,4020,exponential,41
41,4,6,54,4020,exponential,41
41,5,90,61,4020,exponential,41
41,6,16,56,4020,exponential,41
41,7,2,67,4020,exponential,41
41,8,6,82,4020,exponential,41
41,9,15,77,4020,exponential,41
41,10,16,85,4020,exponential,41
41,11,22,87,4020,exponential,41
41,12,21,53,4020,exponential,41
41,13,12,57,4020,exponential,41
41,14,3,92,4020,exponential,41
41,15,7,75,4020,exponential,41
41,16,4,97,4020,exponential,41
41,17,14,81,4020,exponential,41
41,18,2,84,4020,exponential,41
41,19,13,95,4020,exponential,41
41,20,91,51,4020,exponential,41
41,21,16,80,4020,exponential,41
41,22,3,98,4020,exponential,41
41,23,10,64,4020,exponential,41
41,24,14,76,4020,exponential,41
41,25,14,74,4020,exponential,41
41,26,93,79,4020,exponential,41
41,27,4,61,4020,exponential,41
41,28,1,93,4020,exponential,41
41,29,50,91,4020,exponential,41
41,30,2,66,4020,exponential,41
41,31,7,85,4020,exponential,41
41,32,22,76,4020,exponential,41
41,33,4,88,4020,exponential,41
41,34,21,93,4020,exponential,41
41,35,17,73,4020,exponential,41
41,36,16,70,4020,exponential,41
41,37,23,76,4020,exponential,41
41,38,13,66,4020,exponential,41
41,39,7,86,4020,exponential,41
41,40,5,50,4020,exponential,41
41,41,21,72,4020,exponential,41
41,42,12,51,4020,exponential,41
41,43,8,66,4020,exponential,41
41,44,1,85,4020,exponential,41
41,45,22,53,4020,exponential,41
41,46,14,50,4020,exponential,41
41,47,70,98,4020,exponential,41
41,48,18,97,4020,exponential,41
41,49,16,90,4020,exponential,41
41,50,12,92,4020,exponential,41
41,51,3,60,4020,exponential,41
41,52,12,88,4020,exponential,41
41,53,10,75,4020,exponential,41
41,54,13,92,4020,exponential,41
41,55,5,58,4020,exponential,41
41,56,1,50,4020,exponential,41
41,57,14,74,4020,exponential,41
41,58,12,50,4020,exponential,41
41,59,10,59,4020,exponential,41
41,60,4,83,4020,exponential,41
41,61,22,78,4020,exponential,41
41,62,71,88,4020,exponential,41
41,63,77,55,4020,exponential,41
41,64,18,67,4020,exponential,41
41,65,12,86,4020,exponential,41
41,66,7,78,4020,exponential,41
41,67,6,86,4020,exponential,41
41,68,20,67,4020,exponential,41
41,69,4,65,4020,exponential,41
41,70,3,85,4020,exponential,41
41,71,1,74,4020,exponential,41
41,72,9,62,4020,exponential,41
41,73,2,87,4020,exponential,41
41,74,83,52,4020,exponential,41
41,75,1,99,4020,exponential,41
41,76,23,51,4020,exponential,41
41,77,9,91,4020,exponential,41
41,78,3,87,4020,exponential,41
41,79,6,94,4020,exponential,41
41,80,21,80,4020,exponential,41
41,81,23,94,4020,exponential,41
41,82,20,70,4020,exponential,41
41,83,14,51,4020,exponential,41
41,84,23,76,4020,exponential,41
41,85,23,98,4020,exponential,41
41,86,12,75,4020,exponential,41
41,87,24,59,4020,exponential,41
41,88,8,83,4020,exponential,41
41,89,17,70,4020,exponential,41
41,90,24,76,4020,exponential,41
41,91,18,83,4020,exponential,41
41,92,10,82,4020,exponential,41
41,93,9,79,4020,exponential,41
41,94,21,81,4020,exponential,41
41,95,15,85,4020,exponential,41
41,96,20,80,4020,exponential,41
41,97,92,92,4020,exponential,41
41,98,57,67,4020,exponential,41
41,99,17,68,4020,exponential,41
42,0,23,50,3395,exponential,42
42,1,72,98,3395,exponential,42
42,2,17,62,3395,exponential,42
42,3,2,73,3395,exponential,42
42,4,10,96,3395,exponential,42
42,5,60,70,3395,exponential,42
42,6,2,85,3395,exponential,42
42,7,19,94,3395,exponential,42
42,8,14,52,3395,exponential,42
42,9,14,57,3395,exponential,42
42,10,12,68,3395,exponential,42
42,11,24,97,3395,exponential,42
42,12,1,66,3395,exponential,42
42,13,76,51,3395,exponential,42
42,14,6,74,3395,exponential,42
42,15,5,51,3395,exponential,42
42,16,57,64,3395,exponential,42
42,17,14,78,3395,exponential,42
42,18,3,97,3395,exponential,42
42,19,1,68,3395,exponential,42
42,20,21,70,3395,exponential,42
42,21,9,72,3395,exponential,42
42,22,21,78,3395,exponential,42
42,23,3,70,3395,exponential,42
42,24,15,78,3395,exponential,42
42,25,19,80,3395,exponential,42
42,26,12,78,3395,exponential,42
42,27,21,89,3395,exponential,42
42,28,16,72,3395,exponential,42
42,29,10,69,3395,exponential,42
42,30,12,95,3395,exponential,42
42,31,13,81,3395,exponential,42
42,32,18,52,3395,exponential,42
42,33,16,68,3395,exponential,42
42,34,5,72,3395,exponential,42
42,35,17,52,3395,exponential,42
42,36,11,67,3395,exponential,42
42,37,4,87,3395,exponential,42
42,38,8,98,3395,exponential,42
42,39,20,66,3395,exponential,42
42,40,4,83,3395,exponential,42
42,41,9,61,3395,exponential,42
42,42,23,87,3395,exponential,42
42,43,15,51,3395,exponential,42
42,44,79,84,3395,exponential,42
42,45,23,86,3395,exponential,42
42,46,15,70,3395,exponential,42
42,47,19,51,3395,exponential,42
42,48,2,63,3395,exponential,42
42,49,22,74,3395,exponential,42
42,50,11,94,3395,exponential,42
42,51,5,76,3395,exponential,42
42,52,1,99,3395,exponential,42
42,53,7,94,3395,exponential,42
42,54,12,52,3395,exponential,42
42,55,16,53,3395,exponential,42
42,56,4,54,3395,exponential,42
42,57,20,53,3395,exponential,42
42,58,21,61,3395,exponential,42
42,59,11,50,3395,exponential,42
42,60,12,96,3395,exponential,42
42,61,3,92,3395,exponential,42
42,62,21,76,3395,exponential,42
42,63,24,70,3395,exponential,42
42,64,15,59,3395,exponential,42
42,65,4,70,3395,exponential,42
42,66,15,51,3395,exponential,42
42,67,10,65,3395,exponential,42
42,68,8,87,3395,exponential,42
42,69,5,97,3395,exponential,42
42,70,14,99,3395,exponential,42
42,71,63,77,3395,exponential,42
42,72,19,69,3395,exponential,42
42,73,20,92,3395,exponential,42
42,74,24,73,3395,exponential,42
42,75,21,70,3395,exponential,42
42,76,15,65,3395,exponential,42
42,77,7,76,3395,exponential,42
42,78,99,71,3395,exponential,42
42,79,6,74,3395,exponential,42
42,80,87,89,3395,exponential,42
42,81,1,88,3395,exponential,42
42,82,11,80,3395,exponential,42
42,83,3,72,3395,exponential,42
42,84,21,52,3395,exponential,42
42,85,21,50,3395,exponential,42
42,86,9,92,3395,exponential,42
42,87,19,72,3395,exponential,42
42,88,18,54,3395,exponential,42
42,89,5,85,3395,exponential,42
42,90,20,93,3395,exponential,42
42,91,9,93,3395,exponential,42
42,92,7,53,3395,exponential,42
42,93,22,91,3395,exponential,42
42,94,79,70,3395,exponential,42
42,95,15,54,3395,exponential,42
42,96,7,97,3395,exponential,42
42,97,91,65,3395,exponential,42
42,98,14,64,3395,exponential,42
42,99,21,78,3395,exponential,42
43,0,6,65,3841,exponential,43
43,1,13,83,3841,exponential,43
43,2,63,98,3841,exponential,43
43,3,23,83,3841,exponential,43
43,4,3,67,3841,exponential,43
43,5,19,95,3841,exponential,43
43,6,17,92,3841,exponential,43
43,7,54,67,3841,exponential,43
43,8,22,99,3841,exponential,43
43,9,8,78,3841,exponential,43
43,10,9,71,3841,exponential,43
43,11,21,55,3841,exponential,43
43,12,20,89,3841,exponential,43
43,13,5,96,3841,exponential,43
43,14,23,59,3841,exponential,43
43,15,8,68,3841,exponential,43
43,16,15,83,3841,exponential,43
43,17,24,98,3841,exponential,43
43,18,3,54,3841,exponential,43
43,19,23,53,3841,exponential,43
43,20,11,92,3841,exponential,43
43,21,9,56,3841,exponential,43
43,22,3,83,3841,exponential,43
43,23,21,96,3841,exponential,43
43,24,24,82,3841,exponential,43
43,25,5,85,3841,exponential,43
43,26,12,62,3841,exponential,43
43,27,20,51,3841,exponential,43
43,28,10,65,3841,exponential,43
43,29,6,55,3841,exponential,43
43,30,19,87,3841,exponential,43
43,31,10,63,3841,exponential,43
43,32,5,77,3841,exponential,43
43,33,6,56,3841,exponential,43
43,34,17,93,3841,exponential,43
43,35,22,56,3841,exponential,43
43,36,86,68,3841,exponential,43
43,37,21,54,3841,exponential,43
43,38,17,98,3841,exponential,43
43,39,11,71,3841,exponential,43
43,40,2,83,3841,exponential,43
43,41,13,75,3841,exponential,43
43,42,13,77,3841,exponential,43
43,43,90,88,3841,exponential,43
43,44,23,58,3841,exponential,43
43,45,12,96,3841,exponential,43
43,46,3,62,3841,exponential,43
43,47,15,77,3841,exponential,43
43,48,21,64,3841,exponential,43
43,49,18,88,3841,exponential,43
43,50,22,56,3841,exponential,43
43,51,4,91,3841,exponential,43
43,52,19,79,3841,exponential,43
43,53,17,58,3841,exponential,43
43,54,8,98,3841,exponential,43
43,55,14,75,3841,exponential,43
43,56,2,72,3841,exponential,43
43,57,8,92,3841,exponential,43
43,58,6,90,3841,exponential,43
43,59,54,53,3841,exponential,43
43,60,3,98,3841,exponential,43
43,61,8,83,3841,exponential,43
43,62,2,95,3841,exponential,43
43,63,10,99,3841,exponential,43
43,64,4,78,3841,exponential,43
43,65,10,63,3841,exponential,43
43,66,1,79,3841,exponential,43
43,67,1,83,3841,exponential,43
43,68,22,83,3841,exponential,43
43,69,20,75,3841,exponential,43
43,70,6,56,3841,exponential,43
43,71,8,50,3841,exponential,43
43,72,17,71,3841,exponential,43
43,73,20,83,3841,exponential,43
43,74,50,69,3841,exponential,43
43,75,4,82,3841,exponential,43
43,76,7,74,3841,exponential,43
43,77,88,79,3841,exponential,43
43,78,17,92,3841,exponential,43
43,79,19,74,3841,exponential,43
43,80,19,74,3841,exponential,43
43,81,16,90,3841,exponential,43
43,82,6,71,3841,exponential,43
43,83,74,99,3841,exponential,43
43,84,16,85,3841,exponential,43
43,85,86,90,3841,exponential,43
43,86,11,79,3841,exponential,43
43,87,12,79,3841,exponential,43
43,88,23,57,3841,exponential,43
43,89,18,97,3841,exponential,43
43,90,23,84,3841,exponential,43
43,91,21,51,3841,exponential,43
43,92,23,65,3841,exponential,43
43,93,14,95,3841,exponential,43
43,94,14,85,3841,exponential,43
43,95,18,94,3841,exponential,43
43,96,73,65,3841,exponential,43
43,97,11,71,3841,exponential,43
43,98,13,79,3841,exponential,43
43,99,12,65,3841,exponential,43
44,0,10,77,4828,exponential,44
44,1,17,79,4828,exponential,44
44,2,6,79,4828,exponential,44
44,3,12,87,4828,exponential,44
44,4,6,81,4828,exponential,44
44,5,23,61,4828,exponential,44
44,6,21,50,4828,exponential,44
44,7,22,57,4828,exponential,44
44,8,9,53,4828,exponential,44
44,9,1,84,4828,exponential,44
44,10,18,75,4828,exponential,44
44,11,21,57,4828,exponential,44
44,12,24,51,4828,exponential,44
44,13,20,89,4828,exponential,44
44,14,23,72,4828,exponential,44
44,15,12,54,4828,exponential,44
44,16,57,65,4828,exponential,44
44,17,14,71,4828,exponential,44
44,18,20,86,4828,exponential,44
44,19,86,64,4828,exponential,44
44,20,11,73,4828,exponential,44
44,21,24,55,4828,exponential,44
44,22,10,99,4828,exponential,44
44,23,12,52,4828,exponential,44
44,24,23,83,4828,exponential,44
44,25,85,91,4828,exponential,44
44,26,14,99,4828,exponential,44
44,27,84,98,4828,exponential,44
44,28,15,77,4828,exponential,44
44,29,21,95,4828,exponential,44
44,30,20,80,4828,exponential,44
44,31,23,58,4828,exponential,44
44,32,14,92,4828,exponential,44
44,33,60,84,4828,exponential,44
44,34,15,88,4828,exponential,44
44,35,5,79,4828,exponential,44
44,36,14,91,4828,exponential,44
44,37,14,61,4828,exponential,44
44,38,6,55,4828,exponential,44
44,39,21,69,4828,exponential,44
44,40,16,85,4828,exponential,44
44,41,24,75,4828,exponential,44
44,42,19,63,4828,exponential,44
44,43,9,75,4828,exponential,44
44,44,8,82,4828,exponential,44
44,45,7,90,4828,exponential,44
44,46,19,80,4828,exponential,44
44,47,15,62,4828,exponential,44
44,48,5,82,4828,exponential,44
44,49,14,61,4828,exponential,44
44,50,17,71,4828,exponential,44
44,51,24,67,4828,exponential,44
44,52,20,81,4828,exponential,44
44,53,21,56,4828,exponential,44
44,54,18,92,4828,exponential,44
44,55,22,61,4828,exponential,44
44,56,5,98,4828,exponential,44
44,57,8,75,4828,exponential,44
44,58,4,92,4828,exponential,44
44,59,22,62,4828,exponential,44
44,60,11,79,4828,exponential,44
44,61,4,92,4828,exponential,44
44,62,22,98,4828,exponential,44
44,63,14,77,4828,exponential,44
44,64,15,92,4828,exponential,44
44,65,19,58,4828,exponential,44
44,66,3,91,4828,exponential,44
44,67,16,91,4828,exponential,44
44,68,4,64,4828,exponential,44
44,69,14,92,4828,exponential,44
44,70,1,67,4828,exponential,44
44,71,16,72,4828,exponential,44
44,72,24,91,4828,exponential,44
44,73,24,84,4828,exponential,44
44,74,15,85,4828,exponential,44
44,75,22,74,4828,exponential,44
44,76,20,67,4828,exponential,44
44,77,15,64,4828,exponential,44
44,78,1,51,4828,exponential,44
44,79,6,73,4828,exponential,44
44,80,9,70,4828,exponential,44
44,81,74,85,4828,exponential,44
44,82,12,79,4828,exponential,44
44,83,4,55,4828,exponential,44
44,84,24,99,4828,exponential,44
44,85,3,59,4828,exponential,44
44,86,9,83,4828,exponential,44
44,87,14,91,4828,exponential,44
44,88,12,84,4828,exponential,44
44,89,53,84,4828,exponential,44
44,90,4,91,4828,exponential,44
44,91,10,64,4828,exponential,44
44,92,65,65,4828,exponential,44
44,93,13,51,4828,exponential,44
44,94,67,64,4828,exponential,44
44,95,12,89,4828,exponential,44
44,96,2,65,4828,exponential,44
44,97,3,94,4828,exponential,44
44,98,66,79,4828,exponential,44
44,99,4,60,4828,exponential,44
45,0,17,80,4350,normal,45
45,1,16,61,4350,normal,45
45,2,9,73,4350,normal,45
45,3,21,65,4350,normal,45
45,4,14,56,4350,normal,45
45,5,22,51,4350,normal,45
45,6,11,97,4350,normal,45
45,7,79,86,4350,normal,45
45,8,23,83,4350,normal,45
45,9,21,75,4350,normal,45
45,10,22,81,4350,normal,45
45,11,20,96,4350,normal,45
45,12,24,93,4350,normal,45
45,13,4,86,4350,normal,45
45,14,6,68,4350,normal,45
45,15,16,71,4350,normal,45
45,16,23,54,4350,normal,45
45,17,21,55,4350,normal,45
45,18,18,76,4350,normal,45
45,19,1,68,4350,normal,45
45,20,10,81,4350,normal,45
45,21,83,69,4350,normal,45
45,22,12,81,4350,normal,45
45,23,22,99,4350,normal,45
45,24,2,97,4350,normal,45
45,25,13,87,4350,normal,45
45,26,7,71,4350,normal,45
45,27,21,90,4350,normal,45
45,28,24,54,4350,normal,45
45,29,10,75,4350,normal,45
45,30,18,57,4350,normal,45
45,31,13,89,4350,normal,45
45,32,98,63,4350,normal,45
45,33,16,54,4350,normal,45
45,34,20,60,4350,normal,45
45,35,8,88,4350,normal,45
45,36,16,52,4350,normal,45
45,37,24,59,4350,normal,45
45,38,4,80,4350,normal,45
45,39,93,84,4350,normal,45
45,40,3,52,4350,normal,45
45,41,19,52,4350,normal,45
45,42,8,81,4350,normal,45
45,43,13,67,4350,normal,45
45,44,1,81,4350,normal,45
45,45,19,72,4350,normal,45
45,46,5,81,4350,normal,45
45,47,94,69,4350,normal,45
45,48,9,84,4350,normal,45
45,49,15,65,4350,normal,45
45,50,8,62,4350,normal,45
45,51,14,78,4350,normal,45
45,52,19,85,4350,normal,45
45,53,11,81,4350,normal,45
45,54,18,51,4350,normal,45
45,55,91,67,4350,normal,45
45,56,10,79,4350,normal,45
45,57,12,55,4350,normal,45
45,58,72,94,4350,normal,45
45,59,4,99,4350,normal,45
45,60,5,89,4350,normal,45
45,61,15,60,4350,normal,45
45,62,12,53,4350,normal,45
45,63,15,68,4350,normal,45
45,64,76,92,4350,normal,45
45,65,13,84,4350,normal,45
45,66,5,71,4350,normal,45
45,67,21,89,4350,normal,45
45,68,22,81,4350,normal,45
45,69,15,59,4350,normal,45
45,70,21,74,4350,normal,45
45,71,20,91,4350,normal,45
45,72,14,63,4350,normal,45
45,73,7,73,4350,normal,45
45,74,5,66,4350,normal,45
45,75,20,80,4350,normal,45
45,76,21,83,4350,normal,45
45,77,18,81,4350,normal,45
45,78,22,54,4350,normal,45
45,79,22,79,4350,normal,45
45,80,69,55,4350,normal,45
45,81,15,87,4350,normal,45
45,82,19,60,4350,normal,45
45,83,19,63,4350,normal,45
45,84,7,58,4350,normal,45
45,85,16,99,4350,normal,45
45,86,2,76,4350,normal,45
45,87,19,55,4350,normal,45
45,88,18,89,4350,normal,45
45,89,19,92,4350,normal,45
45,90,2,92,4350,normal,45
45,91,12,51,4350,normal,45
45,92,15,94,4350,normal,45
45,93,6,64,4350,normal,45
45,94,1,96,4350,normal,45
45,95,11,88,4350,normal,45
45,96,1,86,4350,normal,45
45,97,17,88,4350,normal,45
45,98,87,64,4350,normal,45
45,99,20,63,4350,normal,45
46,0,87,67,4186,uniform,46
46,1,22,53,4186,uniform,46
46,2,1,59,4186,uniform,46
46,3,68,99,4186,uniform,46
46,4,8,52,4186,uniform,46
46,5,13,73,4186,uniform,46
46,6,78,77,4186,uniform,46
46,7,14,52,4186,uniform,46
46,8,16,57,4186,uniform,46
46,9,14,77,4186,uniform,46
46,10,22,61,4186,uniform,46
46,11,22,61,4186,uniform,46
46,12,13,94,4186,uniform,46
46,13,6,60,4186,uniform,46
46,14,6,78,4186,uniform,46
46,15,15,51,4186,uniform,46
46,16,5,69,4186,uniform,46
46,17,8,71,4186,uniform,46
46,18,11,95,4186,uniform,46
46,19,6,70,4186,uniform,46
46,20,5,64,4186,uniform,46
46,21,8,86,4186,uniform,46
46,22,13,75,4186,uniform,46
46,23,18,90,4186,uniform,46
46,24,72,54,4186,uniform,46
46,25,3,60,4186,uniform,46
46,26,22,61,4186,uniform,46
46,27,23,65,4186,uniform,46
46,28,16,89,4186,uniform,46
46,29,17,89,4186,uniform,46
46,30,1,76,4186,uniform,46
46,31,20,78,4186,uniform,46
46,32,18,60,4186,uniform,46
46,33,4,66,4186,uniform,46
46,34,1,97,4186,uniform,46
46,35,16,59,4186,uniform,46
46,36,18,85,4186,uniform,46
46,37,19,89,4186,uniform,46
46,38,14,58,4186,uniform,46
46,39,6,76,4186,uniform,46
46,40,10,69,4186,uniform,46
46,41,52,61,4186,uniform,46
46,42,9,56,4186,uniform,46
46,43,7,76,4186,uniform,46
46,44,6,90,4186,uniform,46
46,45,21,75,4186,uniform,46
46,46,17,61,4186,uniform,46
46,47,20,83,4186,uniform,46
46,48,8,83,4186,uniform,46
46,49,19,89,4186,uniform,46
46,50,78,91,4186,uniform,46
46,51,54,57,4186,uniform,46
46,52,2,50,4186,uniform,46
46,53,21,67,4186,uniform,46
46,54,1,90,4186,uniform,46
46,55,10,52,4186,uniform,46
46,56,96,96,4186,uniform,46
46,57,5,81,4186,uniform,46
46,58,1,63,4186,uniform,46
46,59,24,71,4186,uniform,46
46,60,22,97,4186,uniform,46
46,61,7,76,4186,uniform,46
46,62,18,52,4186,uniform,46
46,63,1,50,4186,uniform,46
46,64,13,81,4186,uniform,46
46,65,24,59,4186,uniform,46
46,66,12,97,4186,uniform,46
46,67,21,50,4186,uniform,46
46,68,3,62,4186,uniform,46
46,69,7,84,4186,uniform,46
46,70,17,72,4186,uniform,46
46,71,1,92,4186,uniform,46
46,72,11,50,4186,uniform,46
46,73,17,90,4186,uniform,46
46,74,22,91,4186,uniform,46
46,75,7,64,4186,uniform,46
46,76,61,76,4186,uniform,46
46,77,4,72,4186,uniform,46
46,78,19,65,4186,uniform,46
46,79,20,93,4186,uniform,46
46,80,13,83,4186,uniform,46
46,81,18,57,4186,uniform,46
46,82,14,63,4186,uniform,46
46,83,1,53,4186,uniform,46
46,84,6,75,4186,uniform,46
46,85,15,86,4186,uniform,46
46,86,63,85,4186,uniform,46
46,87,6,89,4186,uniform,46
46,88,10,61,4186,uniform,46
46,89,22,96,4186,uniform,46
46,90,16,94,4186,uniform,46
46,91,1,78,4186,uniform,46
46,92,14,67,4186,uniform,46
46,93,11,54,4186,uniform,46
46,94,19,83,4186,uniform,46
46,95,16,77,4186,uniform,46
46,96,1,99,4186,uniform,46
46,97,7,62,4186,uniform,46
46,98,15,56,4186,uniform,46
46,99,19,58,4186,uniform,46
47,0,23,82,2938,uniform,47
47,1,10,87,2938,uniform,47
47,2,9,78,2938,uniform,47
47,3,12,57,2938,uniform,47
47,4,1,99,2938,uniform,47
47,5,4,88,2938,uniform,47
47,6,4,56,2938,uniform,47
47,7,58,71,2938,uniform,47
47,8,6,80,2938,uniform,47
47,9,14,91,2938,uniform,47
47,10,97,51,2938,uniform,47
47,11,6,63,2938,uniform,47
47,12,14,79,2938,uniform,47
47,13,13,99,2938,uniform,47
47,14,15,97,2938,uniform,47
47,15,4,78,2938,uniform,47
47,16,61,90,2938,uniform,47
47,17,23,95,2938,uniform,47
47,18,8,58,2938,uniform,47
47,19,23,73,2938,uniform,47
47,20,13,64,2938,uniform,47
47,21,58,85,2938,uniform,47
47,22,20,74,2938,uniform,47
47,23,14,80,2938,uniform,47
47,24,22,72,2938,uniform,47
47,25,23,86,2938,uniform,47
47,26,17,99,2938,uniform,47
47,27,5,66,2938,uniform,47
47,28,1,87,2938,uniform,47
47,29,20,70,2938,uniform,47
47,30,21,75,2938,uniform,47
47,31,4,94,2938,uniform,47
47,32,22,87,2938,uniform,47
47,33,23,88,2938,uniform,47
47,34,19,53,2938,uniform,47
47,35,22,99,2938,uniform,47
47,36,19,54,2938,uniform,47
47,37,8,85,2938,uniform,47
47,38,10,83,2938,uniform,47
47,39,11,75,2938,uniform,47
47,40,5,86,2938,uniform,47
47,41,19,61,2938,uniform,47
47,42,18,76,2938,uniform,47
47,43,10,62,2938,uniform,47
47,44,6,92,2938,uniform,47
47,45,24,52,2938,uniform,47
47,46,24,98,2938,uniform,47
47,47,6,56,2938,uniform,47
47,48,6,58,2938,uniform,47
47,49,95,62,2938,uniform,47
47,50,11,85,2938,uniform,47
47,51,14,52,2938,uniform,47
47,52,23,75,2938,uniform,47
47,53,18,96,2938,uniform,47
47,54,24,51,2938,uniform,47
47,55,11,78,2938,uniform,47
47,56,1,92,2938,uniform,47
47,57,20,51,2938,uniform,47
47,58,18,80,2938,uniform,47
47,59,77,65,2938,uniform,47
47,60,13,53,2938,uniform,47
47,61,21,55,2938,uniform,47
47,62,5,58,2938,uniform,47
47,63,14,87,2938,uniform,47
47,64,7,76,2938,uniform,47
47,65,23,60,2938,uniform,47
47,66,64,54,2938,uniform,47
47,67,18,86,2938,uniform,47
47,68,17,77,2938,uniform,47
47,69,18,53,2938,uniform,47
47,70,7,55,2938,uniform,47
47,71,6,75,2938,uniform,47
47,72,9,88,2938,uniform,47
47,73,14,75,2938,uniform,47
47,74,20,93,2938,uniform,47
47,75,53,68,2938,uniform,47
47,76,3,79,2938,uniform,47
47,77,23,80,2938,uniform,47
47,78,8,93,2938,uniform,47
47,79,22,60,2938,uniform,47
47,80,3,95,2938,uniform,47
47,81,19,93,2938,uniform,47
47,82,21,51,2938,uniform,47
47,83,4,54,2938,uniform,47
47,84,61,77,2938,uniform,47
47,85,1,59,2938,uniform,47
47,86,8,55,2938,uniform,47
47,87,11,84,2938,uniform,47
47,88,22,62,2938,uniform,47
47,89,1,99,2938,uniform,47
47,90,12,72,2938,uniform,47
47,91,17,77,2938,uniform,47
47,92,14,73,2938,uniform,47
47,93,6,52,2938,uniform,47
47,94,11,64,2938,uniform,47
47,95,98,65,2938,uniform,47
47,96,16,94,2938,uniform,47
47,97,1,91,2938,uniform,47
47,98,9,85,2938,uniform,47
47,99,8,51,2938,uniform,47
48,0,16,63,3571,exponential,48
48,1,16,98,3571,exponential,48
48,2,8,89,3571,exponential,48
48,3,15,88,3571,exponential,48
48,4,17,62,3571,exponential,48
48,5,15,75,3571,exponential,48
48,6,18,85,3571,exponential,48
48,7,12,76,3571,exponential,48
48,8,6,87,3571,exponential,48
48,9,9,94,3571,exponential,48
48,10,5,51,3571,exponential,48
48,11,17,96,3571,exponential,48
48,12,24,73,3571,exponential,48
48,13,23,92,3571,exponential,48
48,14,22,85,3571,exponential,48
48,15,14,70,3571,exponential,48
48,16,18,55,3571,exponential,48
48,17,12,97,3571,exponential,48
48,18,11,97,3571,exponential,48
48,19,24,50,3571,exponential,48
48,20,15,70,3571,exponential,48
48,21,16,87,3571,exponential,48
48,22,15,86,3571,exponential,48
48,23,14,65,3571,exponential,48
48,24,8,81,3571,exponential,48
48,25,79,67,3571,exponential,48
48,26,17,70,3571,exponential,48
48,27,24,52,3571,exponential,48
48,28,17,84,3571,exponential,48
48,29,55,65,3571,exponential,48
48,30,23,97,3571,exponential,48
48,31,72,65,3571,exponential,48
48,32,18,88,3571,exponential,48
48,33,4,78,3571,exponential,48
48,34,21,79,3571,exponential,48
48,35,58,88,3571,exponential,48
48,36,3,90,3571,exponential,48
48,37,10,92,3571,exponential,48
48,38,79,62,3571,exponential,48
48,39,7,73,3571,exponential,48
48,40,79,99,3571,exponential,48
48,41,1,62,3571,exponential,48
48,42,23,92,3571,exponential,48
48,43,22,88,3571,exponential,48
48,44,93,98,3571,exponential,48
48,45,3,52,3571,exponential,48
48,46,19,95,3571,exponential,48
48,47,24,75,3571,exponential,48
48,48,15,88,3571,exponential,48
48,49,16,80,3571,exponential,48
48,50,17,58,3571,exponential,48
48,51,7,79,3571,exponential,48
48,52,9,70,3571,exponential,48
48,53,20,85,3571,exponential,48
48,54,5,81,3571,exponential,48
48,55,19,78,3571,exponential,48
48,56,7,50,3571,exponential,48
48,57,6,92,3571,exponential,48
48,58,24,76,3571,exponential,48
48,59,19,87,3571,exponential,48
48,60,18,59,3571,exponential,48
48,61,20,66,3571,exponential,48
48,62,19,69,3571,exponential,48
48,63,22,88,3571,exponential,48
48,64,15,89,3571,exponential,48
48,65,15,81,3571,exponential,48
48,66,7,57,3571,exponential,48
48,67,21,79,3571,exponential,48
48,68,20,61,3571,exponential,48
48,69,15,83,3571,exponential,48
48,70,3,85,3571,exponential,48
48,71,11,66,3571,exponential,48
48,72,13,75,3571,exponential,48
48,73,20,85,3571,exponential,48
48,74,70,99,3571,exponential,48
48,75,17,78,3571,exponential,48
48,76,3,61,3571,exponential,48
48,77,19,93,3571,exponential,48
48,78,1,57,3571,exponential,48
48,79,6,76,3571,exponential,48
48,80,13,71,3571,exponential,48
48,81,20,76,3571,exponential,48
48,82,64,95,3571,exponential,48
48,83,24,55,3571,exponential,48
48,84,24,60,3571,exponential,48
48,85,10,84,3571,exponential,48
48,86,21,84,3571,exponential,48
48,87,9,89,3571,exponential,48
48,88,4,94,3571,exponential,48
48,89,20,77,3571,exponential,48
48,90,9,51,3571,exponential,48
48,91,8,94,3571,exponential,48
48,92,6,85,3571,exponential,48
48,93,21,93,3571,exponential,48
48,94,7,52,3571,exponential,48
48,95,97,83,3571,exponential,48
48,96,19,83,3571,exponential,48
48,97,11,82,3571,exponential,48
48,98,14,87,3571,exponential,48
48,99,4,85,3571,exponential,48
49,0,2,88,4941,normal,49
49,1,51,96,4941,normal,49
49,2,8,87,4941,normal,49
49,3,24,75,4941,normal,49
49,4,23,98,4941,normal,49
49,5,2,81,4941,normal,49
49,6,22,83,4941,normal,49
49,7,2,97,4941,normal,49
49,8,24,91,4941,normal,49
49,9,69,86,4941,normal,49
49,10,7,51,4941,normal,49
49,11,2,53,4941,normal,49
49,12,11,86,4941,normal,49
49,13,18,59,4941,normal,49
49,14,15,70,4941,normal,49
49,15,6,68,4941,normal,49
49,16,1,70,4941,normal,49
49,17,21,66,4941,normal,49
49,18,16,59,4941,normal,49
49,19,11,77,4941,normal,49
49,20,1,84,4941,normal,49
49,21,23,95,4941,normal,49
49,22,14,67,4941,normal,49
49,23,6,53,4941,normal,49
49,24,8,92,4941,normal,49
49,25,18,59,4941,normal,49
49,26,16,90,4941,normal,49
49,27,1,80,4941,normal,49
49,28,13,73,4941,normal,49
49,29,53,50,4941,normal,49
49,30,10,70,4941,normal,49
49,31,18,97,4941,normal,49
49,32,17,83,4941,normal,49
49,33,4,92,4941,normal,49
49,34,58,84,4941,normal,49
49,35,1,66,4941,normal,49
49,36,13,96,4941,normal,49
49,37,10,61,4941,normal,49
49,38,9,80,4941,normal,49
49,39,11,99,4941,normal,49
49,40,5,73,4941,normal,49
49,41,13,81,4941,normal,49
49,42,5,82,4941,normal,49
49,43,4,78,4941,normal,49
49,44,17,52,4941,normal,49
49,45,8,70,4941,normal,49
49,46,21,96,4941,normal,49
49,47,9,67,4941,normal,49
49,48,9,50,4941,normal,49
49,49,8,68,4941,normal,49
49,50,4,66,4941,normal,49
49,51,2,55,4941,normal,49
49,52,7,92,4941,normal,49
49,53,12,59,4941,normal,49
49,54,4,96,4941,normal,49
49,55,3,62,4941,normal,49
49,56,11,71,4941,normal,49
49,57,18,90,4941,normal,49
49,58,71,72,4941,normal,49
49,59,94,84,4941,normal,49
49,60,6,86,4941,normal,49
49,61,13,67,4941,normal,49
49,62,8,73,4941,normal,49
49,63,5,99,4941,normal,49
49,64,22,97,4941,normal,49
49,65,16,92,4941,normal,49
49,66,6,64,4941,normal,49
49,67,13,64,4941,normal,49
49,68,8,84,4941,normal,49
49,69,13,58,4941,normal,49
49,70,77,75,4941,normal,49
49,71,23,52,4941,normal,49
49,72,7,58,4941,normal,49
49,73,17,51,4941,normal,49
49,74,1,67,4941,normal,49
49,75,21,81,4941,normal,49
49,76,5,77,4941,normal,49
49,77,2,66,4941,normal,49
49,78,24,99,4941,normal,49
49,79,7,76,4941,normal,49
49,80,20,78,4941,normal,49
49,81,15,78,4941,normal,49
49,82,10,58,4941,normal,49
49,83,6,82,4941,normal,49
49,84,4,81,4941,normal,49
49,85,22,63,4941,normal,49
49,86,72,71,4941,normal,49
49,87,54,93,4941,normal,49
49,88,20,70,4941,normal,49
49,89,4,83,4941,normal,49
49,90,6,99,4941,normal,49
49,91,2,99,4941,normal,49
49,92,6,77,4941,normal,49
49,93,11,78,4941,normal,49
49,94,15,66,4941,normal,49
49,95,4,64,4941,normal,49
49,96,62,66,4941,normal,49
49,97,4,50,4941,normal,49
49,98,17,92,4941,normal,49
49,99,14,68,4941,normal,49
